"userid","user_display_name","user_screen_name","user_reported_location","user_profile_description","user_profile_url","follower_count","following_count","account_creation_date","account_language"
"m1NOhme4qoXF49JTj61ijRq+InGuAAUSELT5CFmjyB4=","m1NOhme4qoXF49JTj61ijRq+InGuAAUSELT5CFmjyB4=","m1NOhme4qoXF49JTj61ijRq+InGuAAUSELT5CFmjyB4=","Toledo, Spain","","","5","23","2019-02-28","es"
"Xk+0WNsagGbxV7wrPZfJOfry5zYl4SSowALMzg9Pd4=","Xk+0WNsagGbxV7wrPZfJOfry5zYl4SSowALMzg9Pd4=","Xk+0WNsagGbxV7wrPZfJOfry5zYl4SSowALMzg9Pd4=","","Afiliada del PP de C√°diz.","","55","92","2019-03-30","es"
"eofjSWMPefkic5DyqBH4sOkd1OSQEslR0dhSjrkQ1Y=","eofjSWMPefkic5DyqBH4sOkd1OSQEslR0dhSjrkQ1Y=","eofjSWMPefkic5DyqBH4sOkd1OSQEslR0dhSjrkQ1Y=","Seville, Spain","Derecho y Pol√≠ticas en Universidad de Sevilla. Espa√±ol. Sin complejos","","133","227","2019-02-28","es"
"O4riWR90Y3rSFCmnWv2GsbB43AhfxI3B8zDk8O4gqhw=","O4riWR90Y3rSFCmnWv2GsbB43AhfxI3B8zDk8O4gqhw=","O4riWR90Y3rSFCmnWv2GsbB43AhfxI3B8zDk8O4gqhw=","Islas Canarias, Espa√±a","Canario, de Las Canteras, amo mi ciudad, mis calles, mi todo. trabajador de Union Martin","","1","10","2019-03-30","es"
"92CShzrDzu8uItMiv3ClCVziqG6HRKTVw9VtW5eIYSE=","92CShzrDzu8uItMiv3ClCVziqG6HRKTVw9VtW5eIYSE=","92CShzrDzu8uItMiv3ClCVziqG6HRKTVw9VtW5eIYSE=","Getafe, Espa√±a","Soy ingeniero, casado y con un maravilloso hijo que no me deja seguirle","","351","601","2019-02-28","es"
"fNUtEfdbGFoMQiN8UNudrjHutpnU2RrabTWccLerU=","fNUtEfdbGFoMQiN8UNudrjHutpnU2RrabTWccLerU=","fNUtEfdbGFoMQiN8UNudrjHutpnU2RrabTWccLerU=","","","","0","0","2019-03-23","en"
"5EmGpBY0A4CSwgK6whyvdct+NyeXAu9dLe7eiOfVJ2I=","5EmGpBY0A4CSwgK6whyvdct+NyeXAu9dLe7eiOfVJ2I=","5EmGpBY0A4CSwgK6whyvdct+NyeXAu9dLe7eiOfVJ2I=","","ADE UAM. Aficionada a la pol√≠tica bien hecha.","","141","390","2019-02-28","en"
"vKfwbLl9mtNFbAlN0nzDva4NUgJXbzNvHru5lalN44Y=","vKfwbLl9mtNFbAlN0nzDva4NUgJXbzNvHru5lalN44Y=","vKfwbLl9mtNFbAlN0nzDva4NUgJXbzNvHru5lalN44Y=","","","","0","0","2019-03-27","en"
"1iOQvkXESDTGjHbSDjWFntS0zIVOAz2XxEN0NSrBzQ=","1iOQvkXESDTGjHbSDjWFntS0zIVOAz2XxEN0NSrBzQ=","1iOQvkXESDTGjHbSDjWFntS0zIVOAz2XxEN0NSrBzQ=","","","","0","0","2019-03-04","en"
"7YEYsMgIuXWHHGVPbD1Nxhd3lXrxmYE+6NvGPw27xw=","7YEYsMgIuXWHHGVPbD1Nxhd3lXrxmYE+6NvGPw27xw=","7YEYsMgIuXWHHGVPbD1Nxhd3lXrxmYE+6NvGPw27xw=","","","","6","16","2019-03-28","en"
"5KVKr1OVNX3jsTcS5VtaVjDqOblrY9IZYQFLK0aILgc=","5KVKr1OVNX3jsTcS5VtaVjDqOblrY9IZYQFLK0aILgc=","5KVKr1OVNX3jsTcS5VtaVjDqOblrY9IZYQFLK0aILgc=","","San Sebasti√°n - Madrid üá™üá∏ 1989 Periodista. Mis grandes hobbies: el deporte y la fotograf√≠a.","","202","227","2019-03-22","en"
"GpffD9eSOwoXGzmlBXxAIh1rVIKhIiGIKXE17uxoJAM=","GpffD9eSOwoXGzmlBXxAIh1rVIKhIiGIKXE17uxoJAM=","GpffD9eSOwoXGzmlBXxAIh1rVIKhIiGIKXE17uxoJAM=","Madrid, Spain","Pescador. Amante del campo y la buena comida. Ah, y abogado. Me gusta, y mucho, la pol√≠tica.","","135","1091","2019-03-04","en"
"lEW5kR2UBDRnfm2y3O96tx9UaUS3HjlAct5LaVd3Vvk=","lEW5kR2UBDRnfm2y3O96tx9UaUS3HjlAct5LaVd3Vvk=","lEW5kR2UBDRnfm2y3O96tx9UaUS3HjlAct5LaVd3Vvk=","","Mis nietos me han hecho twitter para que sea moderno üë¥üí¨","","98","429","2019-03-04","en"
"MFykPy9BrssmC5pibOJ1FqiUhiKgGtyab9xtcxrPU=","MFykPy9BrssmC5pibOJ1FqiUhiKgGtyab9xtcxrPU=","MFykPy9BrssmC5pibOJ1FqiUhiKgGtyab9xtcxrPU=","","Me apasiona la moda. Soy personal shopper. Estudio dise√±o y publicidadüíÑüë†üëú","","10","72","2019-03-08","es"
"lXt+iQmucijyTa41UqcAJ5YXC1iWWwgKadrlO5VG6w=","lXt+iQmucijyTa41UqcAJ5YXC1iWWwgKadrlO5VG6w=","lXt+iQmucijyTa41UqcAJ5YXC1iWWwgKadrlO5VG6w=","","M√©s que un club. Del Bar√ßa y Espa√±ol","","7","181","2019-03-08","es"
"0INidePDTljFnZ0IAS130PJErSTOSSOVhtVPRWDdi5o=","0INidePDTljFnZ0IAS130PJErSTOSSOVhtVPRWDdi5o=","0INidePDTljFnZ0IAS130PJErSTOSSOVhtVPRWDdi5o=","","","","0","0","2019-03-05","en"
"cJtfHGYvWFJbsfk5sl7WgH6CkOat0Fw8RW3mEnCutw=","cJtfHGYvWFJbsfk5sl7WgH6CkOat0Fw8RW3mEnCutw=","cJtfHGYvWFJbsfk5sl7WgH6CkOat0Fw8RW3mEnCutw=","Madrid, Comunidad de Madrid","Ama de casa. Luchando por mis derechos","","12","53","2019-03-23","es"
"ZUzkzEb0BDNZ36DnLahc3M9V78sWpRtl8MTOz402n0=","ZUzkzEb0BDNZ36DnLahc3M9V78sWpRtl8MTOz402n0=","ZUzkzEb0BDNZ36DnLahc3M9V78sWpRtl8MTOz402n0=","","","","0","0","2019-03-01","en"
"Y0nV8zlbMAKyyByqx6oNH1ID4iIW3Ldghfqme3YNL5A=","Y0nV8zlbMAKyyByqx6oNH1ID4iIW3Ldghfqme3YNL5A=","Y0nV8zlbMAKyyByqx6oNH1ID4iIW3Ldghfqme3YNL5A=","Madrid, Spain","Trabajadora, entusiasta y comprometida con el mundo","","3","67","2019-03-01","en"
"Uvdhso1b4JQDWGvhYNdUZzTwQ7wLyzfUE0TMVhFwSJA=","Uvdhso1b4JQDWGvhYNdUZzTwQ7wLyzfUE0TMVhFwSJA=","Uvdhso1b4JQDWGvhYNdUZzTwQ7wLyzfUE0TMVhFwSJA=","Burgos, Espa√±a","Viajero, buen amigo, amante de las buenas Conversaciones. preocupado por la despoblaci√≥n","","11","20","2019-03-06","en"
"ATnknWuVO+dVNzL+RlyunSAGedxC74GOtQPwUfyqF3E=","ATnknWuVO+dVNzL+RlyunSAGedxC74GOtQPwUfyqF3E=","ATnknWuVO+dVNzL+RlyunSAGedxC74GOtQPwUfyqF3E=","","Amante de la naturaleza,estudiante de biolog√≠a en la Universidad Aut√≥noma de Madrid. espa√±ol y apasionado del mundo pol√≠tico. S√≠gueme y te sigo.","","121","467","2019-02-28","en"
"XxOWStl6AKDG26E2wqYFOVIywknsDv19O5R8RlZPwlw=","XxOWStl6AKDG26E2wqYFOVIywknsDv19O5R8RlZPwlw=","XxOWStl6AKDG26E2wqYFOVIywknsDv19O5R8RlZPwlw=","","No se describirme muy bien...üôà
""Learn how to be happy with what you have while you pursue all that you want""J.R","","20","214","2019-03-23","es"
"HZBAyWVCwg5399e6wDmVBGEOu765qkfKvEIBbCuMZ8=","HZBAyWVCwg5399e6wDmVBGEOu765qkfKvEIBbCuMZ8=","HZBAyWVCwg5399e6wDmVBGEOu765qkfKvEIBbCuMZ8=","","Fact-checking en @fakenews_spain. Somos un medio libre en el que nos comprometemos a decirte la verdad, toda la verdad y nada m√°s que la verdad #QueNoTeLaCuelen","https://t.co/mRv1YupqwI","102","647","2019-03-30","es"
"HpOmnzsvB2R+4D+0yHrBfSzzovEMXJoDOTmrlmcPUk=","HpOmnzsvB2R+4D+0yHrBfSzzovEMXJoDOTmrlmcPUk=","HpOmnzsvB2R+4D+0yHrBfSzzovEMXJoDOTmrlmcPUk=","Community of Madrid, Spain","Publicista espa√±ol. Madridista.","","4","63","2019-03-15","es"
"niWtCjnFzaF+oxsXTkLisux5rIGVPGLM1UHtqvNUqg=","niWtCjnFzaF+oxsXTkLisux5rIGVPGLM1UHtqvNUqg=","niWtCjnFzaF+oxsXTkLisux5rIGVPGLM1UHtqvNUqg=","","","","13","42","2019-03-30","es"
"wNbJY9Wegth53G9hzMsJrFSbT1FxiSnHcuAxUEX7BQ=","wNbJY9Wegth53G9hzMsJrFSbT1FxiSnHcuAxUEX7BQ=","wNbJY9Wegth53G9hzMsJrFSbT1FxiSnHcuAxUEX7BQ=","Madrid, Comunidad de Madrid","Amante y loca por los gatos Miauuuu","","5","108","2019-03-30","es"
"0QdNfUNx49OYScfgeNTGy7+2PeGtm9SX6AZlDnbneo=","0QdNfUNx49OYScfgeNTGy7+2PeGtm9SX6AZlDnbneo=","0QdNfUNx49OYScfgeNTGy7+2PeGtm9SX6AZlDnbneo=","","üîª‚ù§Ô∏èüíõüíú","","1","30","2019-03-20","es"
"PicoYax3JECjV63ggg9Yh7X5ylBydScWi1Il3AYoWs=","PicoYax3JECjV63ggg9Yh7X5ylBydScWi1Il3AYoWs=","PicoYax3JECjV63ggg9Yh7X5ylBydScWi1Il3AYoWs=","Madrid, Spain","Liberal. Ni azul ni rojo, objetivo. He vivido en medio mundo, ahora de vuelta a Madrid.","","18","73","2019-03-22","en"
"aT+WGK7ezyKnSAqfWpQ92w6roJHP13HIjSY+MBxJak=","aT+WGK7ezyKnSAqfWpQ92w6roJHP13HIjSY+MBxJak=","aT+WGK7ezyKnSAqfWpQ92w6roJHP13HIjSY+MBxJak=","","","","9","7","2019-03-28","es"
"fMmz9bgOackDNRIAz35z5GyFV7znCZO9ITuvrZaqI=","fMmz9bgOackDNRIAz35z5GyFV7znCZO9ITuvrZaqI=","fMmz9bgOackDNRIAz35z5GyFV7znCZO9ITuvrZaqI=","Estepona, Espa√±a","motero desde peque√±o. amo el motor, y ESPA√ëA POR ENCIMA DE TODO","","0","0","2019-03-30","es"
"drkjBGuYxL0S3yExG1orhCvYpvONqdLrdzfrDRHtbg=","drkjBGuYxL0S3yExG1orhCvYpvONqdLrdzfrDRHtbg=","drkjBGuYxL0S3yExG1orhCvYpvONqdLrdzfrDRHtbg=","","Santiago de Compostela üá™üá∏üá™üá∏

Econom√≠a USC üìöüí≤

Amante de la pol√≠tica y la econom√≠a","","67","127","2019-03-05","es"
"Tp23JducNGcDL3FK+nEL33JldwdDk8laFFhyGpdzzwI=","Tp23JducNGcDL3FK+nEL33JldwdDk8laFFhyGpdzzwI=","Tp23JducNGcDL3FK+nEL33JldwdDk8laFFhyGpdzzwI=","","Ciencias pol√≠ticas UCM. Fan del chocolate valor. bloggera y deportista.","","50","93","2019-03-19","en"
"CaK7St4Y+l5qMOJCdbQF496e38szos8WAEDU6LaDpBA=","CaK7St4Y+l5qMOJCdbQF496e38szos8WAEDU6LaDpBA=","CaK7St4Y+l5qMOJCdbQF496e38szos8WAEDU6LaDpBA=","","Catolica, conservadora. Orgullo espa√±ol.üá™üá∏","","23","140","2019-03-30","en"
"NRCeVq+iMAaTx4FjudtCQNtilLvm0nAtokGsE388c=","NRCeVq+iMAaTx4FjudtCQNtilLvm0nAtokGsE388c=","NRCeVq+iMAaTx4FjudtCQNtilLvm0nAtokGsE388c=","","Uso del secador para ver si as√≠ se contagia el sentido com√∫n üá™üá∏","","1","22","2019-03-01","en"
"bhn7sJBfer5Ap7zcch8m3lRCL3iJjnYqUoeFZnpcKE=","bhn7sJBfer5Ap7zcch8m3lRCL3iJjnYqUoeFZnpcKE=","bhn7sJBfer5Ap7zcch8m3lRCL3iJjnYqUoeFZnpcKE=","","Aut√≥nomo. Preocupado por el futuro de Espa√±a y de los empresarios.","","20","104","2019-03-20","es"
"URJjvPnFrSkO0vAuma9SVNspxPiaFFc4jRfa2iOqyU=","URJjvPnFrSkO0vAuma9SVNspxPiaFFc4jRfa2iOqyU=","URJjvPnFrSkO0vAuma9SVNspxPiaFFc4jRfa2iOqyU=","Madrid","25 a√±os. Inform√°tico üë®üèª‚Äçüíª. Me gusta el baloncesto üèÄ, las ca√±asüç∫ y viajar üõ´. Nuevo en esto","","5","106","2019-03-25","en"
"bn5eAJWa7CHQr4mcIo7afFMat3+oDGdXvDGFpHcKOU=","bn5eAJWa7CHQr4mcIo7afFMat3+oDGdXvDGFpHcKOU=","bn5eAJWa7CHQr4mcIo7afFMat3+oDGdXvDGFpHcKOU=","","Vecina de Boadilla del Monte. Ahora resulta que me presento a la Alcald√≠a de Majadahonda porque all√≠ se cobra m√°s. üíÅ‚Äç‚ôÄÔ∏è PARODIA.","","12","130","2019-04-14","en"
"bGfAn4Ox2m7avIE5tAmeJ6X4VdvOhdvSAC+o8MDc=","bGfAn4Ox2m7avIE5tAmeJ6X4VdvOhdvSAC+o8MDc=","bGfAn4Ox2m7avIE5tAmeJ6X4VdvOhdvSAC+o8MDc=","Madrid, Spain","Defensor de la libertad y derechos humanos. Abogado, viajero, deportista y el mejor t√≠o de mis sobrinos.","","29","107","2019-03-23","es"
"sMOFf9Tfu0sq+2o2VuEESlUwFTeijdGCBCBc7krXw8=","sMOFf9Tfu0sq+2o2VuEESlUwFTeijdGCBCBc7krXw8=","sMOFf9Tfu0sq+2o2VuEESlUwFTeijdGCBCBc7krXw8=","Alicante, Spain","Alicante por bandera y Espa√±a en el coraz√≥n. La pol√≠tica como herramienta para mejorar nuestra naci√≥n.","","602","676","2019-02-28","en"
"FKGSkon1sne4iQsROGQvIYQDg0NO3K4Jte4WEyfps=","FKGSkon1sne4iQsROGQvIYQDg0NO3K4Jte4WEyfps=","FKGSkon1sne4iQsROGQvIYQDg0NO3K4Jte4WEyfps=","","Compostelano. Gallego desde que nac√≠. Del PP de Galicia","","27","50","2019-03-30","es"
"SbzwoLplWheG6NEOrClZfVIqa998mkpSupEUXwDmbIg=","SbzwoLplWheG6NEOrClZfVIqa998mkpSupEUXwDmbIg=","SbzwoLplWheG6NEOrClZfVIqa998mkpSupEUXwDmbIg=","","Deportista","","1","2","2019-03-23","es"
"kB+vnLHW5Gt3sgpNcNgE5e6yZXspVLOl2I8szzHa4=","kB+vnLHW5Gt3sgpNcNgE5e6yZXspVLOl2I8szzHa4=","kB+vnLHW5Gt3sgpNcNgE5e6yZXspVLOl2I8szzHa4=","","Salir, beber, el rollo de siempre...üôÑVeganismo y empoderamiento. Profe","","3","19","2019-03-20","es"
"jegXhX1d2gtSA9QwzX0A9wYTySglQBOzdriN1dKAtD4=","jegXhX1d2gtSA9QwzX0A9wYTySglQBOzdriN1dKAtD4=","jegXhX1d2gtSA9QwzX0A9wYTySglQBOzdriN1dKAtD4=","","","","0","0","2019-03-28","en"
"FGRaYkDoDtsBBKFidMEDVZMP8aIcUO7hgTGd8YZ3MEA=","FGRaYkDoDtsBBKFidMEDVZMP8aIcUO7hgTGd8YZ3MEA=","FGRaYkDoDtsBBKFidMEDVZMP8aIcUO7hgTGd8YZ3MEA=","","Todo acerca de la actualidad pol√≠tica. En mis ratos libres me gusta jugar al p√°del y una buena cerveza. ""Si no luchas puedes perder, si luchas est√°s perdido""","","0","4","2019-02-28","en"
"mXTa0ZrFsMzDZiobOut3YcbXhoai4M2ynIqsOaZi7Ss=","mXTa0ZrFsMzDZiobOut3YcbXhoai4M2ynIqsOaZi7Ss=","mXTa0ZrFsMzDZiobOut3YcbXhoai4M2ynIqsOaZi7Ss=","Madrid, Comunidad de Madrid","Lucho por los m√≠os. En este pa√≠s tan corrupto necesitamos cambios. Unidos Podemos","","0","0","2019-03-22","es"
"9Yan4h+ucLtFjTo7YezeCcB4clvRga55de9Y1ej7dH4=","9Yan4h+ucLtFjTo7YezeCcB4clvRga55de9Y1ej7dH4=","9Yan4h+ucLtFjTo7YezeCcB4clvRga55de9Y1ej7dH4=","","Vivo por y para la pol√≠tica. Liberal. Espa√±a. Estudiante UCM Pol√≠ticas","","17","76","2019-03-20","es"
"HupilBZbCOq9lXkuZJwFV1Tuf6lpUq2dZtMHiFeOyfY=","HupilBZbCOq9lXkuZJwFV1Tuf6lpUq2dZtMHiFeOyfY=","HupilBZbCOq9lXkuZJwFV1Tuf6lpUq2dZtMHiFeOyfY=","","","","0","0","2019-02-27","en"
"oET0KgZLL3Zwt00wNJ60dYOoIT++JYUrF2vxhbyAylk=","oET0KgZLL3Zwt00wNJ60dYOoIT++JYUrF2vxhbyAylk=","oET0KgZLL3Zwt00wNJ60dYOoIT++JYUrF2vxhbyAylk=","Rome, Lazio","Mujer de ideas claras, amante del deporte estudiante de ADE","","14","71","2019-03-23","es"
"9kEgRJxhxVflcacilsziLaKgL6KNkPqHEfUsMqaI4=","9kEgRJxhxVflcacilsziLaKgL6KNkPqHEfUsMqaI4=","9kEgRJxhxVflcacilsziLaKgL6KNkPqHEfUsMqaI4=","","Sanxenxo. Pepero si jajaja. Comprometido con mi familia","","34","59","2019-03-30","es"
"M3FeCxdVMwmSJBmzd1G5xHogcerY2c5C+dSQUzptV4k=","M3FeCxdVMwmSJBmzd1G5xHogcerY2c5C+dSQUzptV4k=","M3FeCxdVMwmSJBmzd1G5xHogcerY2c5C+dSQUzptV4k=","Sevilla","Sevilla, Andaluc√≠a. #MuchoBetis. Importancia a lo importante. Andaluc√≠a cambi√≥ en diciembre üá™üá∏ S√≠gueme y te sigo.","","49","180","2019-03-02","en"
"9krtrj7Ou0znu5nSGzUPnhYUMrS+gCl9VQ0AuMTpmjA=","9krtrj7Ou0znu5nSGzUPnhYUMrS+gCl9VQ0AuMTpmjA=","9krtrj7Ou0znu5nSGzUPnhYUMrS+gCl9VQ0AuMTpmjA=","M√°laga, Espa√±a","Sangre Brasile√±a, sentimiento Espa√±ol, me encanta viajar y sentirme viva!","","6","54","2019-03-30","es"
"AXH25fMIdbxZCRyB8EzeoGBSOH+dzKUmc8HekDwKQV0=","AXH25fMIdbxZCRyB8EzeoGBSOH+dzKUmc8HekDwKQV0=","AXH25fMIdbxZCRyB8EzeoGBSOH+dzKUmc8HekDwKQV0=","Lituania","Chaval de Madrid, Atl√©tico 100%, estudiante de Ciencias pol√≠ticas con madre apol√≠tica, Lituania ESN","","17","97","2019-03-22","es"
"LWJqCvLTqLNs0v7TQr0EatbVSlMaxh4LBayjZ+nqVE=","LWJqCvLTqLNs0v7TQr0EatbVSlMaxh4LBayjZ+nqVE=","LWJqCvLTqLNs0v7TQr0EatbVSlMaxh4LBayjZ+nqVE=","Spain","Destapamos todas las fake news de la red. #QueNoTeLaCuelen","https://t.co/mRv1YupqwI","362","759","2019-03-01","es"
"2IUkp1yuON7ncPnxMsUFpdXz66ZhMMIqI3boFnro3c=","2IUkp1yuON7ncPnxMsUFpdXz66ZhMMIqI3boFnro3c=","2IUkp1yuON7ncPnxMsUFpdXz66ZhMMIqI3boFnro3c=","","","","0","0","2019-03-18","en"
"Q0QfzszEQ8vnPecOafC7YSE0SQRVRC8HQK0t9xOIU=","Q0QfzszEQ8vnPecOafC7YSE0SQRVRC8HQK0t9xOIU=","Q0QfzszEQ8vnPecOafC7YSE0SQRVRC8HQK0t9xOIU=","Madrid, Comunidad de Madrid","Orgullosa madre de mis dos hijos y mi nieto. Espa√±ola ante todo. Ama de casa","","86","93","2019-02-28","es"
"NPDL2uhPmQXFyhLKx5gPrrg+whsc59TiBisWqfHEOkI=","NPDL2uhPmQXFyhLKx5gPrrg+whsc59TiBisWqfHEOkI=","NPDL2uhPmQXFyhLKx5gPrrg+whsc59TiBisWqfHEOkI=","Jaen, Spain","Adoro los animales y la naturaleza. üêæüåé Veterinaria.","https://t.co/65mQMEKFZZ","3","0","2019-03-22","es"
"WJt9phDiotWFYywvEdvAxguYdXTFYlVuj8cSEg0mRg=","WJt9phDiotWFYywvEdvAxguYdXTFYlVuj8cSEg0mRg=","WJt9phDiotWFYywvEdvAxguYdXTFYlVuj8cSEg0mRg=","Principado de Asturias, Espa√±a","Mujer. Me gusta la moda y el estilismo. Estudio derecho.","","79","317","2019-02-28","es"
"Ibpo8V+sbrV+AScun+yQG4KrGe2vny2QOWZL1o+bUyc=","Ibpo8V+sbrV+AScun+yQG4KrGe2vny2QOWZL1o+bUyc=","Ibpo8V+sbrV+AScun+yQG4KrGe2vny2QOWZL1o+bUyc=","","Vitoria, Me cago en sots. Hay que darle. Comentarios positivos. Zurbaner","","1","74","2019-03-30","es"
"uYbq4iXypi4jW7B6XKfCyZUrgy2t3Q1ghwXUAb6R6hQ=","uYbq4iXypi4jW7B6XKfCyZUrgy2t3Q1ghwXUAb6R6hQ=","uYbq4iXypi4jW7B6XKfCyZUrgy2t3Q1ghwXUAb6R6hQ=","Madrid, Comunidad de Madrid","M√°ster en Finanzas en Madrid. Pol√≠tica y moda. ‚ÄúLa felicidad en la vida consiste en tener siempre algo que hacer, alguien a quien amar y algo que esperar""","","33","118","2019-03-23","es"
"shu2txbng7GqZiRaFzAVpkoyUqisFHir6i2hzQ7tYkc=","shu2txbng7GqZiRaFzAVpkoyUqisFHir6i2hzQ7tYkc=","shu2txbng7GqZiRaFzAVpkoyUqisFHir6i2hzQ7tYkc=","Valencia, Espa√±a","Aqu√≠ para joder y tirar mierda ü§°‚ò†Ô∏èüëΩS√≠guemes si quieres re√≠r un poco","","13","82","2019-03-30","es"
"y2BJyKy2lEY6MtjxFfamhHmgFD5GyyQXLf66d7gb4o=","y2BJyKy2lEY6MtjxFfamhHmgFD5GyyQXLf66d7gb4o=","y2BJyKy2lEY6MtjxFfamhHmgFD5GyyQXLf66d7gb4o=","Barcelona, Spain","Luis Garcia","","0","0","2019-03-30","es"
"tEub3iEFfxZsrXTvIicoIM7pHWIQABQKJW1xTvOTM8=","tEub3iEFfxZsrXTvIicoIM7pHWIQABQKJW1xTvOTM8=","tEub3iEFfxZsrXTvIicoIM7pHWIQABQKJW1xTvOTM8=","","El mar y la calma es la mi pasi√≥n. Soy como una ola en el oceano.","","0","29","2019-03-30","en"
"dtO6bjz+DmLlB8Zv6puUG7G8v2O6Vme2wXl4sM3lId8=","dtO6bjz+DmLlB8Zv6puUG7G8v2O6Vme2wXl4sM3lId8=","dtO6bjz+DmLlB8Zv6puUG7G8v2O6Vme2wXl4sM3lId8=","Venezuela","TWITTER SOBRE LA VERDAD, SI TE DUELE, NO ME SIGAS","","13","105","2019-03-20","es"
"4reTaMemzXrJw2dybTwCXRudIPsJCci2jku3oPL6oU=","4reTaMemzXrJw2dybTwCXRudIPsJCci2jku3oPL6oU=","4reTaMemzXrJw2dybTwCXRudIPsJCci2jku3oPL6oU=","","A Coru√±a. Votante del PP. Del Depor","","37","60","2019-03-30","es"
"E6g1eqwcrusXMdTZCXPh1jtWjnnG79IFlUWtjUIF6Yw=","E6g1eqwcrusXMdTZCXPh1jtWjnnG79IFlUWtjUIF6Yw=","E6g1eqwcrusXMdTZCXPh1jtWjnnG79IFlUWtjUIF6Yw=","C√°diz-Sevilla","Graduado en CC. de la actividad f√≠sica y del deporte en la @unisevilla","","373","877","2019-02-28","es"
"rP28ZLjXvyoEUlxrVc+Xutz7duWs6TyIVSIefXTWsbg=","rP28ZLjXvyoEUlxrVc+Xutz7duWs6TyIVSIefXTWsbg=","rP28ZLjXvyoEUlxrVc+Xutz7duWs6TyIVSIefXTWsbg=","","","","0","0","2019-03-21","en"
"FFuBSqN1jzeI8bWsT3tXiWLP1rLkCKVIGm+cQ3BXDM=","FFuBSqN1jzeI8bWsT3tXiWLP1rLkCKVIGm+cQ3BXDM=","FFuBSqN1jzeI8bWsT3tXiWLP1rLkCKVIGm+cQ3BXDM=","Spain","Espa√±ola, amante de los animales.
ADE","","1","12","2019-03-23","en"
"Bkoo1xOJMxg0kFaq0lJX3WiljUXXapt1RemKyXCBcc4=","Bkoo1xOJMxg0kFaq0lJX3WiljUXXapt1RemKyXCBcc4=","Bkoo1xOJMxg0kFaq0lJX3WiljUXXapt1RemKyXCBcc4=","","","","0","0","2019-03-06","en"
"t9eJeC8BFuIKOKYVD6u1nRsM5jAv2bmvPx3pXL6tvWQ=","t9eJeC8BFuIKOKYVD6u1nRsM5jAv2bmvPx3pXL6tvWQ=","t9eJeC8BFuIKOKYVD6u1nRsM5jAv2bmvPx3pXL6tvWQ=","","Madre, patriota y taurina. Respeto la opini√≥n de los dem√°s, espero que con la m√≠a hagan lo mismo.","","48","116","2019-03-30","es"
"FpNZhHZ74qe13J4Yv8bdOPb8dxVNPujhA9d0LYNssM=","FpNZhHZ74qe13J4Yv8bdOPb8dxVNPujhA9d0LYNssM=","FpNZhHZ74qe13J4Yv8bdOPb8dxVNPujhA9d0LYNssM=","","Coleccionista de los buenos momentos. 
Viajar como forma de vida ‚úàÔ∏è
Me gusta estar conectado del mundo que me rodea","","11","79","2019-03-23","es"
"R+VZdEMWrFxj1aodlWuQBXbkOpZsNha5YWAob+Qg=","R+VZdEMWrFxj1aodlWuQBXbkOpZsNha5YWAob+Qg=","R+VZdEMWrFxj1aodlWuQBXbkOpZsNha5YWAob+Qg=","Comunidad de Madrid, Espa√±a","Prevenci√≥n, Calidad y Medio Ambiente üåé
Madrile√±ista 1980's","","155","436","2019-03-19","es"
"4KmzXW96rfvj04R2ty6InXp9Xg9vlaDIaK7dPWwWgwI=","4KmzXW96rfvj04R2ty6InXp9Xg9vlaDIaK7dPWwWgwI=","4KmzXW96rfvj04R2ty6InXp9Xg9vlaDIaK7dPWwWgwI=","M√≥stoles, Espa√±a","De M√≥stoles, estudiante de Ingenieria Biom√©dica en la Carlos III, P√≥litica como hobby.","","2","67","2019-03-30","es"
"RnB7hPjnULGJ8qYlRThRBdAIfspmyzTVufPlMvwP8MY=","RnB7hPjnULGJ8qYlRThRBdAIfspmyzTVufPlMvwP8MY=","RnB7hPjnULGJ8qYlRThRBdAIfspmyzTVufPlMvwP8MY=","Toledo, Espa√±a","Economista y emprendedor.","","5","62","2019-03-30","es"
"4c1n4rG+S4RUpnFJwQTrlvwp9nmax3MnWnX5F97mZs=","4c1n4rG+S4RUpnFJwQTrlvwp9nmax3MnWnX5F97mZs=","4c1n4rG+S4RUpnFJwQTrlvwp9nmax3MnWnX5F97mZs=","Spain","Mujer feliz","","6","69","2019-03-23","es"
"Dr2NpePidn29Vq+UAFt3boWaimgfBMoRCOzjeKAC2o=","Dr2NpePidn29Vq+UAFt3boWaimgfBMoRCOzjeKAC2o=","Dr2NpePidn29Vq+UAFt3boWaimgfBMoRCOzjeKAC2o=","","La verdad duele","","26","45","2019-03-30","es"
"zjElWbP3kaMjoDjnXfrovmvPR4mqE0OAcEEEGlP3sI=","zjElWbP3kaMjoDjnXfrovmvPR4mqE0OAcEEEGlP3sI=","zjElWbP3kaMjoDjnXfrovmvPR4mqE0OAcEEEGlP3sI=","","","","0","0","2019-03-01","en"
"d+r0dfe6kvlxPellr5P8hEAH316ZJFJFuhuIBFkvCO0=","d+r0dfe6kvlxPellr5P8hEAH316ZJFJFuhuIBFkvCO0=","d+r0dfe6kvlxPellr5P8hEAH316ZJFJFuhuIBFkvCO0=","Zaragoza, Espa√±a","Fitness como modelo de vida","","3","35","2019-03-30","es"
"xFijlFYZThwVFHCzPu636AwhIC+wBN3pRLlFfSsn0=","xFijlFYZThwVFHCzPu636AwhIC+wBN3pRLlFfSsn0=","xFijlFYZThwVFHCzPu636AwhIC+wBN3pRLlFfSsn0=","","Defiendo el medio ambiente, votante y afiliado al PP. Al que no le guste que no me siga.üá™üá∏","","12","34","2019-03-30","en"
"+QIgwO5fn1t+HG4hG5CKYOVsCGKUIRgLU4FaIKhQQg=","+QIgwO5fn1t+HG4hG5CKYOVsCGKUIRgLU4FaIKhQQg=","+QIgwO5fn1t+HG4hG5CKYOVsCGKUIRgLU4FaIKhQQg=","Extremadura, Espa√±a","","","0","0","2019-03-30","es"
"jcRvU0ukOc1PiiwHSKUyPtK1XyPGU9CwqYFDLz8Pw9U=","jcRvU0ukOc1PiiwHSKUyPtK1XyPGU9CwqYFDLz8Pw9U=","jcRvU0ukOc1PiiwHSKUyPtK1XyPGU9CwqYFDLz8Pw9U=","Getafe, Spain","Constructor. Con el pu√±o en alto todo el d√≠a. ‚úä Comunismo como estilo de vida. Progresista. Guerreando.","","7","96","2019-03-20","en"
"Vz96VT53BuoDHxfD+S9Vd3rnWqADYuZ9t+NJAEZzG4k=","Vz96VT53BuoDHxfD+S9Vd3rnWqADYuZ9t+NJAEZzG4k=","Vz96VT53BuoDHxfD+S9Vd3rnWqADYuZ9t+NJAEZzG4k=","","Apasionada del mundo de la h√≠pica,malague√±a,economista, gran inter√©s en la pol√≠tica y chica fitü§≠üôÑs√≠gueme y te sigoüòò","","694","1215","2019-02-28","en"
"98QRi5WwgGYuwRLqtGHm65MWj7t9HsB1hdfRaKeOJw=","98QRi5WwgGYuwRLqtGHm65MWj7t9HsB1hdfRaKeOJw=","98QRi5WwgGYuwRLqtGHm65MWj7t9HsB1hdfRaKeOJw=","Soto del Real, Espa√±a","En un mar de aventuras. Graduado en Ingenier√≠a Bioqu√≠mica.üìöCr√≠tico y tolerante. Ante todo orgullo Espa√±ol.üá™üá∏","","32","176","2019-03-23","en"
"9cqGfg6suicMbPhaOdN728oBaKQU97ec59XMBr3CCL8=","9cqGfg6suicMbPhaOdN728oBaKQU97ec59XMBr3CCL8=","9cqGfg6suicMbPhaOdN728oBaKQU97ec59XMBr3CCL8=","","","","11","26","2019-03-30","en"
"Z92DM3Z+9rhp0MwOcw1xwHK6LCDHxByN7lib+eYSpmg=","Z92DM3Z+9rhp0MwOcw1xwHK6LCDHxByN7lib+eYSpmg=","Z92DM3Z+9rhp0MwOcw1xwHK6LCDHxByN7lib+eYSpmg=","","","","4","8","2019-03-30","en"
"CoNhTzz6gY1w57Cfcp4JEn3DiaDXcM8liexLd5UTgo=","CoNhTzz6gY1w57Cfcp4JEn3DiaDXcM8liexLd5UTgo=","CoNhTzz6gY1w57Cfcp4JEn3DiaDXcM8liexLd5UTgo=","Toledo","Harto de que me digan qu√© tengo que pensar","","368","548","2019-02-28","es"
"O2hFg6ZOiO5b4nqaX7ILdmMvuGNjuOo8gy4wIERUn4o=","O2hFg6ZOiO5b4nqaX7ILdmMvuGNjuOo8gy4wIERUn4o=","O2hFg6ZOiO5b4nqaX7ILdmMvuGNjuOo8gy4wIERUn4o=","","Castellano. Con valores.Toros y Espa√±aüêÉüá™üá∏","","50","134","2019-03-23","es"
"lVOOk+uWifli2ZGGs85RFQ2MeNzWmHTfsD5KvwSL2fE=","lVOOk+uWifli2ZGGs85RFQ2MeNzWmHTfsD5KvwSL2fE=","lVOOk+uWifli2ZGGs85RFQ2MeNzWmHTfsD5KvwSL2fE=","","Femenina, aunque moleste. Que no hablen por m√≠.","","246","346","2019-03-04","en"
"uL7CfEPv+TGqm8RRAAhBb5wvgpoxsbdz75plM86955Y=","uL7CfEPv+TGqm8RRAAhBb5wvgpoxsbdz75plM86955Y=","uL7CfEPv+TGqm8RRAAhBb5wvgpoxsbdz75plM86955Y=","","","","7","27","2019-02-26","en"
"HaiQ7XYyIpbp2wz7PhJjRWe6Qrium5mTBNMQAVkYdzI=","HaiQ7XYyIpbp2wz7PhJjRWe6Qrium5mTBNMQAVkYdzI=","HaiQ7XYyIpbp2wz7PhJjRWe6Qrium5mTBNMQAVkYdzI=","Madrid","Estudiante del Grado Ciencias de la Actividad F√≠sica y del Deporte üí™ Madrid üìå¬†üá™üá∏ Preocupada por mi presente y mi futuro","","241","606","2019-03-01","es"
"3EPqj6OyeKQRAbOcyMnwpUyUi5WVxEXr+0kUz5xG8Hw=","3EPqj6OyeKQRAbOcyMnwpUyUi5WVxEXr+0kUz5xG8Hw=","3EPqj6OyeKQRAbOcyMnwpUyUi5WVxEXr+0kUz5xG8Hw=","","Mam√° orgullosa de Irene y Nico.
Emprendedora. Viajar o morir. Si el mundo se acaba que lo cuenten en ClanTV.","","71","162","2019-03-22","es"
"34Pv56xylbEu3TzzQcp9IeIQYUWSPazugsh5RLEsxM=","34Pv56xylbEu3TzzQcp9IeIQYUWSPazugsh5RLEsxM=","34Pv56xylbEu3TzzQcp9IeIQYUWSPazugsh5RLEsxM=","√Åvila, Espa√±a","","","6","29","2019-03-24","es"
"Krcfs8zOpyMAs027k4ePv+yrz4BmsYg17V0SJSJ3no=","Krcfs8zOpyMAs027k4ePv+yrz4BmsYg17V0SJSJ3no=","Krcfs8zOpyMAs027k4ePv+yrz4BmsYg17V0SJSJ3no=","","","","0","0","2019-03-20","en"
"dP4TAUixrADVK15M7oiJLQAQT4h5jjH5naBNVWaYSa8=","dP4TAUixrADVK15M7oiJLQAQT4h5jjH5naBNVWaYSa8=","dP4TAUixrADVK15M7oiJLQAQT4h5jjH5naBNVWaYSa8=","","","","0","0","2019-03-27","en"
"peULV1LRS64BeR1MS3xEiuLSU03wZq2G4rCbXlFtd0=","peULV1LRS64BeR1MS3xEiuLSU03wZq2G4rCbXlFtd0=","peULV1LRS64BeR1MS3xEiuLSU03wZq2G4rCbXlFtd0=","Getafe, Spain","Apasionado de la actualidad pol√≠tica,personal trainer y del Getafe. Sigueme y te sigo.","","140","290","2019-02-28","es"
"pr2klsZUD6GbcabiyzdsobDIUbzFdEqQc9zfRRUsJXQ=","pr2klsZUD6GbcabiyzdsobDIUbzFdEqQc9zfRRUsJXQ=","pr2klsZUD6GbcabiyzdsobDIUbzFdEqQc9zfRRUsJXQ=","Madrid, Comunidad de Madrid","Estudiando Historia del Arte en la Universidad Complutense de Madrid
Jefe de relaciones Velvet","","6","46","2019-03-30","es"
"X8X9ZTGqbx4hzdttHUCGCwSaOemwRD6N7Iy2aS9Y7AQ=","X8X9ZTGqbx4hzdttHUCGCwSaOemwRD6N7Iy2aS9Y7AQ=","X8X9ZTGqbx4hzdttHUCGCwSaOemwRD6N7Iy2aS9Y7AQ=","","ESPA√ëOL","","0","20","2019-03-22","es"
"HJFD5Ipd46rYFMqTFfyAk5kr4hbmVz7kPYzV6JULhc=","HJFD5Ipd46rYFMqTFfyAk5kr4hbmVz7kPYzV6JULhc=","HJFD5Ipd46rYFMqTFfyAk5kr4hbmVz7kPYzV6JULhc=","","Siempre diciendo lo que pienso.","","87","82","2019-02-28","es"
"iZCmfHp7KEBaz6DqtdFtNlZxgFgE4mpFso+bnRdOVw=","iZCmfHp7KEBaz6DqtdFtNlZxgFgE4mpFso+bnRdOVw=","iZCmfHp7KEBaz6DqtdFtNlZxgFgE4mpFso+bnRdOVw=","Santa Cruz de Tenerife-Madrid","","","2","22","2019-03-23","es"
"Xo0MzZQt02jWDA1hQOECg06wECXHozTX24FiJ0Ke4o=","Xo0MzZQt02jWDA1hQOECg06wECXHozTX24FiJ0Ke4o=","Xo0MzZQt02jWDA1hQOECg06wECXHozTX24FiJ0Ke4o=","Spain","Mujer, aut√≥noma. Mam√° orgullosa üë©‚Äçüëß‚Äçüë¶. Cansada de lo pol√≠ticamente correcto. Enamorada del norte ‚ù§Ô∏èüíõüíõ‚ù§Ô∏è","","95","264","2019-03-01","en"
"r8pjHZeZGpdBadlVujpAA64tp9Rm581MtiB7aWnWyo=","r8pjHZeZGpdBadlVujpAA64tp9Rm581MtiB7aWnWyo=","r8pjHZeZGpdBadlVujpAA64tp9Rm581MtiB7aWnWyo=","Madrid, Comunidad de Madrid","","","436","1095","2019-03-01","es"
"JTp7QVsMxe7C1jIIByKj8JWLz2iTysryVKtFPHPxJE=","JTp7QVsMxe7C1jIIByKj8JWLz2iTysryVKtFPHPxJE=","JTp7QVsMxe7C1jIIByKj8JWLz2iTysryVKtFPHPxJE=","Madrid, Spain","Que viva la lucha de la clase obrera","","4","16","2019-03-23","es"
"r1RmhCM+lSuJHlIMqb7nmkzcuPFcwoZbcfAbQ5g=","r1RmhCM+lSuJHlIMqb7nmkzcuPFcwoZbcfAbQ5g=","r1RmhCM+lSuJHlIMqb7nmkzcuPFcwoZbcfAbQ5g=","","Amante del motor y del olor a gasolina. Espa√±ol con todas las letras","","9","19","2019-03-20","es"
"vlsNYTCTj2DObbxzKunNiK0sjvp74AYTSFHindObE=","vlsNYTCTj2DObbxzKunNiK0sjvp74AYTSFHindObE=","vlsNYTCTj2DObbxzKunNiK0sjvp74AYTSFHindObE=","Madrid, Spain","Nada ha vuelto a ser lo mismo desde que te fuiste.","","6","5","2019-03-30","en"
"PMz44xjfpGicwKMiN1ca4q0bfejavJJghAUJ2yEN7Rg=","PMz44xjfpGicwKMiN1ca4q0bfejavJJghAUJ2yEN7Rg=","PMz44xjfpGicwKMiN1ca4q0bfejavJJghAUJ2yEN7Rg=","","Ojal√° tener el dinero de mi tocayo pero va a ser que no. Espa√±ol y liberal. Cuanto menos impuestos mejor.","","84","97","2019-03-15","es"
"R2X+U4zhGUTEt0AqNqivif0RCrv0t4D7yK7bbXP+EQ=","R2X+U4zhGUTEt0AqNqivif0RCrv0t4D7yK7bbXP+EQ=","R2X+U4zhGUTEt0AqNqivif0RCrv0t4D7yK7bbXP+EQ=","","Amante de la naturaleza, la vida y la libetad","","2","25","2019-03-30","es"
"cTusb0yqMAnDk5uAE5c6b1J1B7fk9gUoFUr86HR2RRU=","cTusb0yqMAnDk5uAE5c6b1J1B7fk9gUoFUr86HR2RRU=","cTusb0yqMAnDk5uAE5c6b1J1B7fk9gUoFUr86HR2RRU=","","","","3","22","2019-02-27","en"
"ktD6LgQ3Hu3eatC6v3Vt64fzJBprsFQy1PSoyyZASgA=","ktD6LgQ3Hu3eatC6v3Vt64fzJBprsFQy1PSoyyZASgA=","ktD6LgQ3Hu3eatC6v3Vt64fzJBprsFQy1PSoyyZASgA=","","üá™üá∏üìç-üá¨üáß","","9","57","2019-03-22","en"
"ylIVyRJHscV9vglyPWt6cbgSH6ItH4m4YQ7IxqB1L7g=","ylIVyRJHscV9vglyPWt6cbgSH6ItH4m4YQ7IxqB1L7g=","ylIVyRJHscV9vglyPWt6cbgSH6ItH4m4YQ7IxqB1L7g=","","","","0","0","2019-02-28","en"
"v1vvbibKJcBv+MubcMdLVWtgcM1dRIyvyMJi8eH5Z0=","v1vvbibKJcBv+MubcMdLVWtgcM1dRIyvyMJi8eH5Z0=","v1vvbibKJcBv+MubcMdLVWtgcM1dRIyvyMJi8eH5Z0=","","Barcelona üá™üá∏üá™üá∏üá™üá∏ 

Derecho y pol√≠ticas UABüìöüì£

La √∫nica batalla que se pierde es la que no se hace.","","108","166","2019-03-05","en"
"feBkaewmWVXFOw0lJm8qxz8npWFC8H+QTh+FCWS8=","feBkaewmWVXFOw0lJm8qxz8npWFC8H+QTh+FCWS8=","feBkaewmWVXFOw0lJm8qxz8npWFC8H+QTh+FCWS8=","Alicante, Spain","Joven fan del #f√∫tbol, estudiante de leyes y polit√≥logo frustrado","","14","138","2019-03-30","es"
"wpjWWnKzjVqQmH5R12ys0RWmbE4HXerqxw52MHPTy8=","wpjWWnKzjVqQmH5R12ys0RWmbE4HXerqxw52MHPTy8=","wpjWWnKzjVqQmH5R12ys0RWmbE4HXerqxw52MHPTy8=","","Riojano de nacimiento. Orgulloso de mi tierra. Viva Espa√±aüá™üá∏","","1","87","2019-03-23","en"
"IDii9+x0Qh1ak6A65zPoFuX+1585t52J7VAqyM5PBw=","IDii9+x0Qh1ak6A65zPoFuX+1585t52J7VAqyM5PBw=","IDii9+x0Qh1ak6A65zPoFuX+1585t52J7VAqyM5PBw=","M√°laga, Espa√±a","Andaluc√≠a es mi tierra, yo soy de sur. Malague√±a. Pablo Albor√°n como modo de vida.Lectora y trota mundos.","","65","172","2019-02-28","es"
"Zj503+5UO4Utm1SmFnrh4xfBaaKNdd9NLq9F+4GeY=","Zj503+5UO4Utm1SmFnrh4xfBaaKNdd9NLq9F+4GeY=","Zj503+5UO4Utm1SmFnrh4xfBaaKNdd9NLq9F+4GeY=","","36. Bi√≥loga. Me encanta viajar y conocer nuevos sitios. ‚òïÔ∏èüòÄ
""Es pr√°cticamente imposible entender como funciona la biolog√≠a fuera del contexto del entorno""","","5","50","2019-03-22","es"
"yUwMni2Kv4dG1uLsUI1pjCtQaKjuFMnoCf0cIX41o+Y=","yUwMni2Kv4dG1uLsUI1pjCtQaKjuFMnoCf0cIX41o+Y=","yUwMni2Kv4dG1uLsUI1pjCtQaKjuFMnoCf0cIX41o+Y=","","A tu pregunta, no, no soy de Vox, tampoco soy un rojo de potemos","","33","67","2019-03-30","es"
"VQhO9Sv2qtpCvu6hdHTPW6rpV+DyvxKE4GPWYW51Uvw=","VQhO9Sv2qtpCvu6hdHTPW6rpV+DyvxKE4GPWYW51Uvw=","VQhO9Sv2qtpCvu6hdHTPW6rpV+DyvxKE4GPWYW51Uvw=","C√°ceres, Espa√±a","Madre de tres hijos, economista con interes en la politica","","8","71","2019-03-23","es"
"wjAcLSmCGpNnMUn4NM4hNbqgTvcdBy1fIVKSzFlIQN4=","wjAcLSmCGpNnMUn4NM4hNbqgTvcdBy1fIVKSzFlIQN4=","wjAcLSmCGpNnMUn4NM4hNbqgTvcdBy1fIVKSzFlIQN4=","","","","0","0","2019-03-20","es"
"T9IX1iALWcVeyPUpJ9q2gMf+66a9ynAdb0QknKIgZ5k=","T9IX1iALWcVeyPUpJ9q2gMf+66a9ynAdb0QknKIgZ5k=","T9IX1iALWcVeyPUpJ9q2gMf+66a9ynAdb0QknKIgZ5k=","","","","0","0","2019-02-27","en"
"+814w93PbKeKKFtMS2+XiSl1AN7omWLDkYPvRdwINBE=","+814w93PbKeKKFtMS2+XiSl1AN7omWLDkYPvRdwINBE=","+814w93PbKeKKFtMS2+XiSl1AN7omWLDkYPvRdwINBE=","","üë©‚Äçüè´Profesora de ESO en excedencia. Ahora pinto, escribo, ¬°y hago velas!üïØÔ∏è","","6","2","2019-03-30","en"
"iTrNEtZmRSqlgRXtojfIkf2sHgSbsPeceF3dw5s2YA=","iTrNEtZmRSqlgRXtojfIkf2sHgSbsPeceF3dw5s2YA=","iTrNEtZmRSqlgRXtojfIkf2sHgSbsPeceF3dw5s2YA=","","Seguidor de l√≠deres supremos. Me gusta Espa√±a y su jam√≥n.","","6","0","2019-03-15","es"
"fpGITVGY2Nj3CZpcutAbPtOITcvA9aNMgmZfmn5qE=","fpGITVGY2Nj3CZpcutAbPtOITcvA9aNMgmZfmn5qE=","fpGITVGY2Nj3CZpcutAbPtOITcvA9aNMgmZfmn5qE=","","Administrativa. Orgullosa de ser de un lugar de la Mancha.","","25","179","2019-03-20","es"
"hbyvcjpezYETGwCi+jhwUzhmwb79x7rSGHIh3QSH5yg=","hbyvcjpezYETGwCi+jhwUzhmwb79x7rSGHIh3QSH5yg=","hbyvcjpezYETGwCi+jhwUzhmwb79x7rSGHIh3QSH5yg=","Huesca, Espa√±a","Huesca, Las oportunidades no pasan, las creas.","","1","42","2019-03-30","es"
"qAcEGbVwLHyqUL6pbtzDydXepCdJjcldUU5xQc08IE=","qAcEGbVwLHyqUL6pbtzDydXepCdJjcldUU5xQc08IE=","qAcEGbVwLHyqUL6pbtzDydXepCdJjcldUU5xQc08IE=","Barcelona, Espa√±a","‚ÄúVive, lucha, sue√±a, viaja, y si te queda tiempo repite‚Äù","","4","54","2019-03-30","es"
"XEKOf4VncgQd3N6BbgIAZqbOi8GYqsowrJJI0BBvqio=","XEKOf4VncgQd3N6BbgIAZqbOi8GYqsowrJJI0BBvqio=","XEKOf4VncgQd3N6BbgIAZqbOi8GYqsowrJJI0BBvqio=","","Amante de los animales y los libros","","131","259","2019-03-05","es"
"pSrkhnTkATXPAKaraNQY28u8zOYTHKQ6n847LJ5S2JA=","pSrkhnTkATXPAKaraNQY28u8zOYTHKQ6n847LJ5S2JA=","pSrkhnTkATXPAKaraNQY28u8zOYTHKQ6n847LJ5S2JA=","","Amante de la naturaleza,abogado.","","19","142","2019-03-23","en"
"ghvczoneblHsN0knpjxJXoSMfS5+7LpVMxUmFrxHM8=","ghvczoneblHsN0knpjxJXoSMfS5+7LpVMxUmFrxHM8=","ghvczoneblHsN0knpjxJXoSMfS5+7LpVMxUmFrxHM8=","Detr√°s de ti","Bienvenidos a Josema contra el mundo. Vengo a decir lo que pienso, por mucho que te joda. Liberal y del PP","","11","32","2019-03-08","es"
"IVAKwwLxE2fpoP8kIcT7d8AaolQmSgZzi+B7jRKJQM=","IVAKwwLxE2fpoP8kIcT7d8AaolQmSgZzi+B7jRKJQM=","IVAKwwLxE2fpoP8kIcT7d8AaolQmSgZzi+B7jRKJQM=","Fuenlabrada, Spain","Sonre√≠r y no darse mala vida por nadie, esa es la actitud.","","8","78","2019-03-30","es"
"5ruIxUE3YzUGG+K6MLTj77zxzOHvUu6fMf4x2tCUM1w=","5ruIxUE3YzUGG+K6MLTj77zxzOHvUu6fMf4x2tCUM1w=","5ruIxUE3YzUGG+K6MLTj77zxzOHvUu6fMf4x2tCUM1w=","","üè°M√°laga - Barcelonaüìç
Amante de la literatura y de mi paisüñåüá™üá∏
Moda y dise√±o como modelo de vidaüéÄ","","192","321","2019-03-06","en"
"wiMzG+a5k6VN3ReQMyP1xv5Bx9QTN9BXjPlkf7AnH9I=","wiMzG+a5k6VN3ReQMyP1xv5Bx9QTN9BXjPlkf7AnH9I=","wiMzG+a5k6VN3ReQMyP1xv5Bx9QTN9BXjPlkf7AnH9I=","Barcelona, Espa√±a","Made in EEUU, espa√±ol de coraz√≥n. Mitad skater mitad fot√≥grafo. Grado en Ciencias Pol√≠ticas y Gesti√≥n P√∫blica UAB.","","345","1671","2019-02-28","es"
"lmkNxs831EtnFWVf0Z+7OJU1E4XZZcIlyXNSHbt8u0=","lmkNxs831EtnFWVf0Z+7OJU1E4XZZcIlyXNSHbt8u0=","lmkNxs831EtnFWVf0Z+7OJU1E4XZZcIlyXNSHbt8u0=","Community of Madrid, Spain","Hola, me llamo Pep√≥n. Maestro de profesi√≥n. Soy Espa√±ol.üá™üá∏","","89","433","2019-03-20","en"
"IkfSZRNh2ZYiA5pBE3ANkU4V6W1Zy0MCg7TS5UwkLAk=","IkfSZRNh2ZYiA5pBE3ANkU4V6W1Zy0MCg7TS5UwkLAk=","IkfSZRNh2ZYiA5pBE3ANkU4V6W1Zy0MCg7TS5UwkLAk=","Madrid, Spain","Muy preocupado por la realidad. Adoro la gastronom√≠a y la cultura de este gran pa√≠s nuestro. Filosof√≠a y letras. Amante de los animales, nuestros mejores amigos","","103","162","2019-03-25","en"
"qAk0FHd+SqjyIwdRLBpRpnRFFntdWaPOfsvZpNosLM=","qAk0FHd+SqjyIwdRLBpRpnRFFntdWaPOfsvZpNosLM=","qAk0FHd+SqjyIwdRLBpRpnRFFntdWaPOfsvZpNosLM=","Barcelona, Espa√±a","Antoine, de padre franc√©s viviendo en Espa√±a actualmente. amante de la lectura y de la MotoGP","","21","61","2019-03-23","es"
"W9kBHZ4qhuSSOO3qtZHkuFK3M+SEGvfxggG9o1hxlk=","W9kBHZ4qhuSSOO3qtZHkuFK3M+SEGvfxggG9o1hxlk=","W9kBHZ4qhuSSOO3qtZHkuFK3M+SEGvfxggG9o1hxlk=","","","","0","0","2019-03-05","en"
"tOyOBF4uIISy7AFWaEuNmN6bxSRVy0eoMpTkqctFGV0=","tOyOBF4uIISy7AFWaEuNmN6bxSRVy0eoMpTkqctFGV0=","tOyOBF4uIISy7AFWaEuNmN6bxSRVy0eoMpTkqctFGV0=","","","","0","0","2019-03-04","en"
"3LTvVJzzIIGR85mZKFm+XL7H2OiCL1dFP0Q0MjHtxCU=","3LTvVJzzIIGR85mZKFm+XL7H2OiCL1dFP0Q0MjHtxCU=","3LTvVJzzIIGR85mZKFm+XL7H2OiCL1dFP0Q0MjHtxCU=","","Espa√±ol con alma venezolana / Orgullo de pa√≠s","","130","286","2019-03-04","en"
"316WzQK0X4rzpWHpxRvIXI9KMYOaP2QoUCIfCzw7vLA=","316WzQK0X4rzpWHpxRvIXI9KMYOaP2QoUCIfCzw7vLA=","316WzQK0X4rzpWHpxRvIXI9KMYOaP2QoUCIfCzw7vLA=","Gij√≥n, Espa√±a","Seri√©fila, lectora, feminista y psic√≥loga en mis ratos libres","","19","68","2019-03-09","es"
"5igfaW2enFC1ZnCv0JSB7ZEvYEh9Q1zZLeFyR2BMm1k=","5igfaW2enFC1ZnCv0JSB7ZEvYEh9Q1zZLeFyR2BMm1k=","5igfaW2enFC1ZnCv0JSB7ZEvYEh9Q1zZLeFyR2BMm1k=","","","","0","0","2019-03-20","en"
"9h0VXm4UhVUesszMF+0I3pB+7uGoQMrzKH2HJY07sg=","9h0VXm4UhVUesszMF+0I3pB+7uGoQMrzKH2HJY07sg=","9h0VXm4UhVUesszMF+0I3pB+7uGoQMrzKH2HJY07sg=","Spain","Trabajador en el ambito de la pol√≠tica, amante del futbol y del deporte en general!","","29","157","2019-03-25","es"
"18zJRCLOdA64JmCEcxpRoKzloHEFfpmzsGRVoJPpIeI=","18zJRCLOdA64JmCEcxpRoKzloHEFfpmzsGRVoJPpIeI=","18zJRCLOdA64JmCEcxpRoKzloHEFfpmzsGRVoJPpIeI=","","De San Sebasti√°n. Apasionada del deporte y de la gastronom√≠a. Al tanto de la actualidad pol√≠tica y la deportiva.","","478","502","2019-02-28","en"
"XxZ6xMN07rQs2y72+JGaItc4xLAEe9p8qClfyPGato=","XxZ6xMN07rQs2y72+JGaItc4xLAEe9p8qClfyPGato=","XxZ6xMN07rQs2y72+JGaItc4xLAEe9p8qClfyPGato=","","","","0","6","2019-04-11","es"
"zaD0cRpw4RTpIi6Jn2ZYHraYvjR7SVhFI92Ne1LHkQ4=","zaD0cRpw4RTpIi6Jn2ZYHraYvjR7SVhFI92Ne1LHkQ4=","zaD0cRpw4RTpIi6Jn2ZYHraYvjR7SVhFI92Ne1LHkQ4=","Espa√±a","Zara Addicted, City lover

Cuidemos el planeta.","","5","33","2019-03-22","en"
"RfwDvPY30R1d0q1QnaQ4J3aDE70oxjjGWsoTlU4a2U=","RfwDvPY30R1d0q1QnaQ4J3aDE70oxjjGWsoTlU4a2U=","RfwDvPY30R1d0q1QnaQ4J3aDE70oxjjGWsoTlU4a2U=","Santiago de Compostela, Spain","Estudiante de nutricion en la universidad de Santiago","","7","39","2019-03-30","en"
"cTfxywlBjEVRt4aHSKkPH712oStoxtSeKLKptslsqfg=","cTfxywlBjEVRt4aHSKkPH712oStoxtSeKLKptslsqfg=","cTfxywlBjEVRt4aHSKkPH712oStoxtSeKLKptslsqfg=","","Amante de la fotograf√≠a y del buen cine. Ahora que me he jubilado puedo hacer lo que m√°s me gusta, viajar.","","106","145","2019-02-28","es"
"utOBCtF0sD8GAI57CnlfF3HN2hP5hzQPdxJpdEO0cBI=","utOBCtF0sD8GAI57CnlfF3HN2hP5hzQPdxJpdEO0cBI=","utOBCtF0sD8GAI57CnlfF3HN2hP5hzQPdxJpdEO0cBI=","Sevilla, Espa√±a","Venga la F1....","","8","90","2019-03-30","es"
"PnaaBW5zxj0Sa0cMeKlf5yhEtBvwh+9UfCobGslk720=","PnaaBW5zxj0Sa0cMeKlf5yhEtBvwh+9UfCobGslk720=","PnaaBW5zxj0Sa0cMeKlf5yhEtBvwh+9UfCobGslk720=","El Escorial, Espa√±a","El Escorial üè°‚õ∞ 

Administraci√≥n y Direcci√≥n de Empresas Carlos IIIüìöüìàüìâ  

Sin complejos üá™üá∏üá™üá∏üá™üá∏üá™üá∏ 

Con üáªüá™üáªüá™ siempre","","23","89","2019-03-22","en"
"d30mLWZ6hhkAG6rLvnSnwBoT5WL6pjKIZS4E62vAmfo=","d30mLWZ6hhkAG6rLvnSnwBoT5WL6pjKIZS4E62vAmfo=","d30mLWZ6hhkAG6rLvnSnwBoT5WL6pjKIZS4E62vAmfo=","","Hispano - venezolana. Actualmente en Madrid. ‚ù§Ô∏èüß°‚ù§Ô∏è Garbi√±e Muguruza üéæ","","95","132","2019-03-23","en"
"58aeXDNbvRSdGJNHRWIRcZzzeguy572ZEbgud0otWPQ=","58aeXDNbvRSdGJNHRWIRcZzzeguy572ZEbgud0otWPQ=","58aeXDNbvRSdGJNHRWIRcZzzeguy572ZEbgud0otWPQ=","","","","2","24","2019-02-26","en"
"mcPurar1SgW8KlG1LbPDuQNfleafZdDu6QFRrI2R1g=","mcPurar1SgW8KlG1LbPDuQNfleafZdDu6QFRrI2R1g=","mcPurar1SgW8KlG1LbPDuQNfleafZdDu6QFRrI2R1g=","Madrid, Comunidad de Madrid","Abogado. Espa√±ol. Orgulloso de mi Pa√≠s. Amante de la velocidad y los coches.","","3","47","2019-04-11","es"
"tQQ4IdGOQLeFpxzn5tRLzJnGkHV8s6CSqFCVhpNtILQ=","tQQ4IdGOQLeFpxzn5tRLzJnGkHV8s6CSqFCVhpNtILQ=","tQQ4IdGOQLeFpxzn5tRLzJnGkHV8s6CSqFCVhpNtILQ=","","Amante de la m√∫sica comercial y toledano. DjNanito2.0","","0","0","2019-03-11","en"
"wX3SMNT1mit3MfeKtrMvClv1apolC3hpop7YgDbISIg=","wX3SMNT1mit3MfeKtrMvClv1apolC3hpop7YgDbISIg=","wX3SMNT1mit3MfeKtrMvClv1apolC3hpop7YgDbISIg=","Malaga, Spain","Joven informado y nuevo en #Twitter...  Arriba #Espa√±a","","32","75","2019-03-30","es"
"TeXbADJe6n+217JvlpJ4aCoMiGK2rVTulf79zcB4C0=","TeXbADJe6n+217JvlpJ4aCoMiGK2rVTulf79zcB4C0=","TeXbADJe6n+217JvlpJ4aCoMiGK2rVTulf79zcB4C0=","","","","0","0","2019-03-30","en"
"2rafSZvqr+1COzEu8cEu4NLuqTeI7WcLQ2HHMKmlD4=","2rafSZvqr+1COzEu8cEu4NLuqTeI7WcLQ2HHMKmlD4=","2rafSZvqr+1COzEu8cEu4NLuqTeI7WcLQ2HHMKmlD4=","","","","10","60","2019-02-26","en"
"n9+SP29zCduZ7vKQ3+p4glhxtK3a3uh0qCeCRja05Y=","n9+SP29zCduZ7vKQ3+p4glhxtK3a3uh0qCeCRja05Y=","n9+SP29zCduZ7vKQ3+p4glhxtK3a3uh0qCeCRja05Y=","","Primer marqu√©s de Villena","","10","12","2019-03-30","en"
"Z9n6k0qRJvUHf4asYuZd85nEZw8aegrRf0BC4pylmJk=","Z9n6k0qRJvUHf4asYuZd85nEZw8aegrRf0BC4pylmJk=","Z9n6k0qRJvUHf4asYuZd85nEZw8aegrRf0BC4pylmJk=","Madrid, Comunidad de Madrid","Trabajador de recursos humanos en la empresa Deloitte, mallorquin","","7","45","2019-03-30","es"
"rAbOskDu8um3O1fs0px12glOXrHk3cOtIcarHye54=","rAbOskDu8um3O1fs0px12glOXrHk3cOtIcarHye54=","rAbOskDu8um3O1fs0px12glOXrHk3cOtIcarHye54=","Segovia, Spain","Regresando por aqu√≠!! Amante del baile üíÉlas notas curiosas üìÉy la moda üëó","","10","71","2019-03-30","es"
"ISvdhGXPZ964gTyrRkQJvLNFLBS8gCWnBdtGTo0Exk=","ISvdhGXPZ964gTyrRkQJvLNFLBS8gCWnBdtGTo0Exk=","ISvdhGXPZ964gTyrRkQJvLNFLBS8gCWnBdtGTo0Exk=","Valencia, Spain","Administrativa. La edad es solo algo psicol√≥gico, yo sigo igual que cuando ten√≠a 20. Valenciana.","","3","52","2019-03-22","es"
"hC8TctwGB82XNF1xXuKm3RoFMNudfwATIiO1lCFx9Wc=","hC8TctwGB82XNF1xXuKm3RoFMNudfwATIiO1lCFx9Wc=","hC8TctwGB82XNF1xXuKm3RoFMNudfwATIiO1lCFx9Wc=","Comunidad de Madrid, Espa√±a","El Escorial üè°‚õ∞ 

Administraci√≥n y Direcci√≥n de Empresas Carlos IIIüìöüìàüìâ  

Sin complejos üá™üá∏üá™üá∏üá™üá∏üá™üá∏ 

Con üáªüá™üáªüá™ siempre","","126","214","2019-03-05","es"
"f2Sp1JzmI5FvAh190Fse68Qk8y+qV+lrobVUy4NCnA=","f2Sp1JzmI5FvAh190Fse68Qk8y+qV+lrobVUy4NCnA=","f2Sp1JzmI5FvAh190Fse68Qk8y+qV+lrobVUy4NCnA=","","","","0","0","2019-03-28","en"
"4trh3jkITffJHL2pbOYSWYptA2zbpb1Frzcronr9Jc=","4trh3jkITffJHL2pbOYSWYptA2zbpb1Frzcronr9Jc=","4trh3jkITffJHL2pbOYSWYptA2zbpb1Frzcronr9Jc=","Toledo, Espa√±a","Amo la comed√≠a y la pol√≠tica. Espero que twitter no me falle!","","0","53","2019-03-30","es"
"4yT8yIFPJlhLNeAVjkZbVYLn3+wltFPp69fY5PSbl98=","4yT8yIFPJlhLNeAVjkZbVYLn3+wltFPp69fY5PSbl98=","4yT8yIFPJlhLNeAVjkZbVYLn3+wltFPp69fY5PSbl98=","Community of Madrid, Spain","Loca de los gatos. üêà Amante de mi pa√≠s üá™üá∏ Apasionada de la fotograf√≠a. Psicolog√≠a. Viajar üß≥ üåç","","199","1398","2019-02-28","es"
"kA+yWzqOuBGUeFX3CqKKTe4Q2RlJsN5ya7585nypEQ=","kA+yWzqOuBGUeFX3CqKKTe4Q2RlJsN5ya7585nypEQ=","kA+yWzqOuBGUeFX3CqKKTe4Q2RlJsN5ya7585nypEQ=","","Gamer. Assassin's Creed fan.","","8","44","2019-03-30","es"
"4Ol031EGXMqOmYzS40fzu7dlXEOLjpodc9ZAgkrjz0k=","4Ol031EGXMqOmYzS40fzu7dlXEOLjpodc9ZAgkrjz0k=","4Ol031EGXMqOmYzS40fzu7dlXEOLjpodc9ZAgkrjz0k=","Cadiz, Spain","Emprendedor. Quien no lucha, no consigue nada","","3","17","2019-03-23","es"
"QYC1v333U8rkfhZIArRFVtIYmzTpzxq8GGys8I87t8s=","QYC1v333U8rkfhZIArRFVtIYmzTpzxq8GGys8I87t8s=","QYC1v333U8rkfhZIArRFVtIYmzTpzxq8GGys8I87t8s=","C√°diz, Espa√±a","Hay una forma de belleza en la imperfecci√≥n. AE","","1","24","2019-03-30","es"
"YK1mGwaQBsvP+ZWfW+h4V7jjS1EuAD8Xh1n6ayhjj5c=","YK1mGwaQBsvP+ZWfW+h4V7jjS1EuAD8Xh1n6ayhjj5c=","YK1mGwaQBsvP+ZWfW+h4V7jjS1EuAD8Xh1n6ayhjj5c=","","","","0","0","2019-03-04","en"
"WqMmobbZL3kIxiP5zifGc6ujXEu0hAIr3tbgf4bG4=","WqMmobbZL3kIxiP5zifGc6ujXEu0hAIr3tbgf4bG4=","WqMmobbZL3kIxiP5zifGc6ujXEu0hAIr3tbgf4bG4=","Fuenlabrada, Spain","Derecho como estilo de vida.üìö Liberal. Amante de los animales y de los manolitos. ü•ê","","179","1083","2019-02-28","es"
"c5zATKgX03cMIYKNlRQnIhWuUZlC7FTqN6f077dYu7A=","c5zATKgX03cMIYKNlRQnIhWuUZlC7FTqN6f077dYu7A=","c5zATKgX03cMIYKNlRQnIhWuUZlC7FTqN6f077dYu7A=","Spain","Feminista, progresista y firme defensor de los derechos humanos. üçÇüçÇ","","8","56","2019-03-22","en"
"UiMqSrx2alnSOXBZieg7lsqAjT94wjco0RZQdTZGW4=","UiMqSrx2alnSOXBZieg7lsqAjT94wjco0RZQdTZGW4=","UiMqSrx2alnSOXBZieg7lsqAjT94wjco0RZQdTZGW4=","","","","0","0","2019-03-09","en"
"AQRsUP9IT+lkTLz+Yfkqc86qtznZ2cGaWv55cCvPX1Q=","AQRsUP9IT+lkTLz+Yfkqc86qtznZ2cGaWv55cCvPX1Q=","AQRsUP9IT+lkTLz+Yfkqc86qtznZ2cGaWv55cCvPX1Q=","","Amante del dise√±o. 
En mis ratos libres soy runner y me encanta estar actualizado del mundo que me rodea 
""El tiempo y el silencio son m√°s lujos hoy en d√≠a‚Äù","","30","126","2019-03-23","es"
"f2VmojEsOePBUY4qWdI9foOgHoCy6clkHIB8XZSTnA=","f2VmojEsOePBUY4qWdI9foOgHoCy6clkHIB8XZSTnA=","f2VmojEsOePBUY4qWdI9foOgHoCy6clkHIB8XZSTnA=","Burgos, Espa√±a","Enfermera.
Me encanta la moda y los animales üë†ü¶ãüêô","","14","93","2019-03-22","es"
"fHKG0JIXr4RIGWqoStvxOJO6HYahHZTQMbXGFOQJMw=","fHKG0JIXr4RIGWqoStvxOJO6HYahHZTQMbXGFOQJMw=","fHKG0JIXr4RIGWqoStvxOJO6HYahHZTQMbXGFOQJMw=","Albacete, Spain","Manchega de los pies a la cabeza.Espa√±ola con orgullo. Al pan pan y al vino vino.üá™üá∏","","7","92","2019-03-30","es"
"6DgwOhrYdqYHZ8UZauVw7FyxyIKKbRT3P7PG9nMqcQ=","6DgwOhrYdqYHZ8UZauVw7FyxyIKKbRT3P7PG9nMqcQ=","6DgwOhrYdqYHZ8UZauVw7FyxyIKKbRT3P7PG9nMqcQ=","","De derechas, y sin complejos. La mejor forma de garantizar la paz es la libertad. Arriba Espa√±a üá™üá∏üíô","","24","151","2019-03-08","en"
"EE4Cp9rwNcG5EXl3R3jwm0tIon1vdV8ohdjfR7kkP8o=","EE4Cp9rwNcG5EXl3R3jwm0tIon1vdV8ohdjfR7kkP8o=","EE4Cp9rwNcG5EXl3R3jwm0tIon1vdV8ohdjfR7kkP8o=","Santander","Mujer emprendedora. Nunca rendirse ante las adversidades. La √∫nica diferencia entre el √©xito y el trabajo es la capacidad de actuar.","","841","4094","2019-02-28","es"
"6TJnuNoy5dU1Kd9te2K90dv2ZIIV0GAc1FodsipimD4=","6TJnuNoy5dU1Kd9te2K90dv2ZIIV0GAc1FodsipimD4=","6TJnuNoy5dU1Kd9te2K90dv2ZIIV0GAc1FodsipimD4=","Madrid, Spain","Abuela, orgullos√≠sima. Enamorada de mi pa√≠s y de mi Castilla. üá™üá∏","","27","79","2019-03-23","en"
"sKX8vrkFhDBMPUZAkOmVxnflDsAILizjzXvlPcydsY=","sKX8vrkFhDBMPUZAkOmVxnflDsAILizjzXvlPcydsY=","sKX8vrkFhDBMPUZAkOmVxnflDsAILizjzXvlPcydsY=","","","","0","0","2019-03-22","en"
"+c6Z4r0Orley9KxkhHezocOy3QTfgAhlVtpRZ5PH4U=","+c6Z4r0Orley9KxkhHezocOy3QTfgAhlVtpRZ5PH4U=","+c6Z4r0Orley9KxkhHezocOy3QTfgAhlVtpRZ5PH4U=","Madrid, Comunidad de Madrid","Amante de la tranquilidad, naturaleza, viajar...","","9","91","2019-03-22","es"
"jyHqhr4cv3HX7ynEz0htUspMgMiDaUmVefM9OCuv4n0=","jyHqhr4cv3HX7ynEz0htUspMgMiDaUmVefM9OCuv4n0=","jyHqhr4cv3HX7ynEz0htUspMgMiDaUmVefM9OCuv4n0=","Spain","üÖøÔ∏èüÖøÔ∏èüá™üá∏

Soy un poco peculiar. 
Si no te gusta lo que publico üëâüö™","","8","1","2019-03-23","es"
"0MFSiZVgpzDF+Jbpe78h1K+TpPyazJiZqUWokfsi87c=","0MFSiZVgpzDF+Jbpe78h1K+TpPyazJiZqUWokfsi87c=","0MFSiZVgpzDF+Jbpe78h1K+TpPyazJiZqUWokfsi87c=","El Escorial, Espa√±a","Monarquica, liberal y patriota. 

La √∫nica batalla que se pierde es aquella que no se da üá™üá∏üá™üá∏

Derecho y ADE üìöüìâ","","68","96","2019-03-30","es"
"urb93kP1OfR1gdrqi6N3Zgr+uTXd7qSJafTDbPyIPY=","urb93kP1OfR1gdrqi6N3Zgr+uTXd7qSJafTDbPyIPY=","urb93kP1OfR1gdrqi6N3Zgr+uTXd7qSJafTDbPyIPY=","","Actualidad pol√≠tica üá™üá∏
S√≠gueme y te sigo.","","20","169","2019-03-28","en"
"CclNURuyPgZb6+5nDqNDYwXuc9EH2clgZMEuBeQK74Y=","CclNURuyPgZb6+5nDqNDYwXuc9EH2clgZMEuBeQK74Y=","CclNURuyPgZb6+5nDqNDYwXuc9EH2clgZMEuBeQK74Y=","Lisboa, Portugal","Viajera en un mundo precioso, me encanta conocer gente y la pol√≠tica!","","1","30","2019-03-30","es"
"AVT1w6iLPq53e0uLfaBjQ43+hf2m07F1nFsofvdZfI8=","AVT1w6iLPq53e0uLfaBjQ43+hf2m07F1nFsofvdZfI8=","AVT1w6iLPq53e0uLfaBjQ43+hf2m07F1nFsofvdZfI8=","M√°laga","Licenciada en Historia por la universidad de M√°laga.    üìçManchester üë®- üìçM√°laga üë±‚Äç‚ôÄÔ∏è Frente a la izquierda una derecha s√≥lida y unida.","","47","141","2019-03-22","en-gb"
"+WjrF208hfs7RzXxKbu5aagYOgqDoW54ITxhsponjog=","+WjrF208hfs7RzXxKbu5aagYOgqDoW54ITxhsponjog=","+WjrF208hfs7RzXxKbu5aagYOgqDoW54ITxhsponjog=","","Amante de la naturaleza. #ProAnimales 
Aficionado al Real Madrid. 
üá™üá∏","","52","84","2019-03-30","es"
"+rc4e+CGVvK97+2JtM8YBr8H5lfulJheTZflxvfDP0=","+rc4e+CGVvK97+2JtM8YBr8H5lfulJheTZflxvfDP0=","+rc4e+CGVvK97+2JtM8YBr8H5lfulJheTZflxvfDP0=","Barcelona, Spain","Espa√±ol. Barcelona. Runner.","","150","257","2019-02-28","es"
"Xc8xMZZZnz4PqiPpFaMWJ15oCfkKqzE5jVK9pGPK5eo=","Xc8xMZZZnz4PqiPpFaMWJ15oCfkKqzE5jVK9pGPK5eo=","Xc8xMZZZnz4PqiPpFaMWJ15oCfkKqzE5jVK9pGPK5eo=","M√°laga, Espa√±a","Anticapitalista, anarquista y progresista. Mi futuro no depende de los empresarios. Rojo, muy rojo üíú","","5","115","2019-03-23","es"
"cPHD650aKEJeRuKZ7Bi3S8WENsYGBIoHcdN9XkOpM=","cPHD650aKEJeRuKZ7Bi3S8WENsYGBIoHcdN9XkOpM=","cPHD650aKEJeRuKZ7Bi3S8WENsYGBIoHcdN9XkOpM=","","Madrile√±a pero colchonera. Simpatizante del PP. Ayuso Presidenta, Almeida Alcalde","","0","27","2019-03-30","es"
"lTX9ZHiueWzPwJLoPwhCc8g6EV87w0IdeW38vD11PRI=","lTX9ZHiueWzPwJLoPwhCc8g6EV87w0IdeW38vD11PRI=","lTX9ZHiueWzPwJLoPwhCc8g6EV87w0IdeW38vD11PRI=","Barcelona, Spain","BARCELONA, ESPA√ëA // Fotograf√≠a y yoga. Catalana constitucionalista en apuros.üá™üá∏","","162","454","2019-02-28","en"
"sfhZ+h9C7SQERxWVMaX5PHREF3riClNs4TiSzdnr53o=","sfhZ+h9C7SQERxWVMaX5PHREF3riClNs4TiSzdnr53o=","sfhZ+h9C7SQERxWVMaX5PHREF3riClNs4TiSzdnr53o=","Getafe, Spain","","","4","23","2019-03-04","es"
"U8OxJ6PU2Tg6mO7Eyvtsyk+6GGwyKbUvaZtnSlUgCU=","U8OxJ6PU2Tg6mO7Eyvtsyk+6GGwyKbUvaZtnSlUgCU=","U8OxJ6PU2Tg6mO7Eyvtsyk+6GGwyKbUvaZtnSlUgCU=","","Del 86. Entre Londres y Zaragoza. üá¨üáßüá™üá∏Profesor. Amante de la literatura y de un buen libro. Me interesa la pol√≠tica, la psicolog√≠a y conocer mundo.üìö","","44","318","2019-03-23","es"
"YZtIDLDxG3lk5HR7YX1KeKw5PdEgnfnG4l4HAVouQ=","YZtIDLDxG3lk5HR7YX1KeKw5PdEgnfnG4l4HAVouQ=","YZtIDLDxG3lk5HR7YX1KeKw5PdEgnfnG4l4HAVouQ=","","Del 92. Pol√≠ticas y Periodismo. Viajero","","53","75","2019-02-28","es"
"gktnzqlrg7NaOUghsE3DB6llHnWiGnMvr8Hjf61tHjs=","gktnzqlrg7NaOUghsE3DB6llHnWiGnMvr8Hjf61tHjs=","gktnzqlrg7NaOUghsE3DB6llHnWiGnMvr8Hjf61tHjs=","Getafe, Espa√±a","Populares","","112","477","2019-03-27","es"
"xFOAnXQ4V+1VGsfrHkPsGiwCow9k6hAa23BoDelTvDI=","xFOAnXQ4V+1VGsfrHkPsGiwCow9k6hAa23BoDelTvDI=","xFOAnXQ4V+1VGsfrHkPsGiwCow9k6hAa23BoDelTvDI=","Fuenlabrada, Spain","Alegre, obrero a mucha honra.  Progresista.üòä","","0","73","2019-03-23","en"
"1itylwLXjIiLpf9VYe8RqPJrrhUN1MQQN6kZXfR+Qo=","1itylwLXjIiLpf9VYe8RqPJrrhUN1MQQN6kZXfR+Qo=","1itylwLXjIiLpf9VYe8RqPJrrhUN1MQQN6kZXfR+Qo=","","Licenciada en Empresariales. Me encanta dedicar mi tiempo libre a la pol√≠tica y a hacer escapadas por la naturaleza. Fan de Carlos Sadness.","","8","20","2019-03-23","es"
"EfmMXFnzFwdUWqooKbeNjEj4S0HYmW99nN71ysfhG5E=","EfmMXFnzFwdUWqooKbeNjEj4S0HYmW99nN71ysfhG5E=","EfmMXFnzFwdUWqooKbeNjEj4S0HYmW99nN71ysfhG5E=","","Palencia. Castilla y Le√≥n. Espa√±a. Liberal-Conservador. De derechas. Partido Popular.","","63","239","2019-03-13","en"
"Hgguc6FgS2hA0joGL5+UhbboRfpaI8XQzPcaGIRLZcE=","Hgguc6FgS2hA0joGL5+UhbboRfpaI8XQzPcaGIRLZcE=","Hgguc6FgS2hA0joGL5+UhbboRfpaI8XQzPcaGIRLZcE=","","Me gusta el voleyball , el cine y la m√∫sica cl√°sica.Una mezcla rara de una persona activaüôàüêµ","","5","43","2019-03-30","en"
"HloyPZ6aijoMmb9XCP0buiOrucDGz2nNviO9EPzTgSs=","HloyPZ6aijoMmb9XCP0buiOrucDGz2nNviO9EPzTgSs=","HloyPZ6aijoMmb9XCP0buiOrucDGz2nNviO9EPzTgSs=","","Descubriendo twitter.... Soy una persona agradable,me encanta leer, fan√°tica del gimnasio  y en mis ratos libres doy ca√±a a la pol√≠tica.","","205","564","2019-03-04","en"
"2FxwGz6FbVjBDTvI6k8tykNSWfmG3EAFCFm9eIWZhsw=","2FxwGz6FbVjBDTvI6k8tykNSWfmG3EAFCFm9eIWZhsw=","2FxwGz6FbVjBDTvI6k8tykNSWfmG3EAFCFm9eIWZhsw=","Ribadeo, Spain","‚öìÔ∏èRibadeo-Lugo. Gallego y espa√±ol üá™üá∏por partes iguales. ""Nunca choveu que non escampara""","","8","23","2019-03-30","en"
"tSPGgGWoNbcopL2vH3HxEN3E6ItlX1OKMlmzaFcnhe8=","tSPGgGWoNbcopL2vH3HxEN3E6ItlX1OKMlmzaFcnhe8=","tSPGgGWoNbcopL2vH3HxEN3E6ItlX1OKMlmzaFcnhe8=","Comunidad de Madrid, Espa√±a","Ama de Casa. Por un mejor futuro para mis hijos. Luchadora incansable.","","7","45","2019-03-11","es"
"w7RcdKkR05j9YIaatK5x3PtVPaM8msbp95gMNSfF6W0=","w7RcdKkR05j9YIaatK5x3PtVPaM8msbp95gMNSfF6W0=","w7RcdKkR05j9YIaatK5x3PtVPaM8msbp95gMNSfF6W0=","","","","0","0","2019-03-20","en"
"jo8YhwCSUEv7il5aX5eKSUFcn4RwXPcl8Qzxmx5yitM=","jo8YhwCSUEv7il5aX5eKSUFcn4RwXPcl8Qzxmx5yitM=","jo8YhwCSUEv7il5aX5eKSUFcn4RwXPcl8Qzxmx5yitM=","","Piloto ‚úàÔ∏è
Amante del trecking y la 'siesting' üòé","","22","101","2019-03-23","en"
"Q3tlYR9HKc2ijlnOsSKjG8SqWiFvh7ioyM4+JccTscU=","Q3tlYR9HKc2ijlnOsSKjG8SqWiFvh7ioyM4+JccTscU=","Q3tlYR9HKc2ijlnOsSKjG8SqWiFvh7ioyM4+JccTscU=","","Hakuna Matata, vive y s√© feliz! üòù","","4","7","2019-03-23","en"
"QIfGCutGp8TL7VNt2rbF06ul1zLRxYjRpJwmuYCctgA=","QIfGCutGp8TL7VNt2rbF06ul1zLRxYjRpJwmuYCctgA=","QIfGCutGp8TL7VNt2rbF06ul1zLRxYjRpJwmuYCctgA=","Comunidad de Madrid, Espa√±a","Mitad Venezolano, mitad espa√±ol. Siempre con la libertad  y la democracia üáªüá™‚ù§üá™üá∏","","10","27","2019-03-06","en"
"eDWxnlvTxyEq0b8V300YS58UGuKO8kyEPyqens7ENg0=","eDWxnlvTxyEq0b8V300YS58UGuKO8kyEPyqens7ENg0=","eDWxnlvTxyEq0b8V300YS58UGuKO8kyEPyqens7ENg0=","Valencia, Espa√±a","Me gusta hablar de pol√≠tica y la tecnolog√≠a","","6","14","2019-03-22","es"
"R3EUcJy9PARyeipris6Rk4Isr1mR2Axi7kx9OfP4=","R3EUcJy9PARyeipris6Rk4Isr1mR2Axi7kx9OfP4=","R3EUcJy9PARyeipris6Rk4Isr1mR2Axi7kx9OfP4=","Madrid, Comunidad de Madrid","Trabajador incansable. Con esfuerzo todo se consigue. Digo lo que quiero cuando quiero. Deportes y lectura.","","287","783","2019-03-01","es"
"iNLVvfQImTTT1RJlCgYdOMx9bN6egfggw4xJwk9DGNY=","iNLVvfQImTTT1RJlCgYdOMx9bN6egfggw4xJwk9DGNY=","iNLVvfQImTTT1RJlCgYdOMx9bN6egfggw4xJwk9DGNY=","","","","11","70","2019-03-23","en"
"8CAXDsM037vp8KcSb0ULlS8mhQDCPclejNQGJ2sAA=","8CAXDsM037vp8KcSb0ULlS8mhQDCPclejNQGJ2sAA=","8CAXDsM037vp8KcSb0ULlS8mhQDCPclejNQGJ2sAA=","Segovia, Spain","Espa√±ola, feminista y foodie üç±ü•üüåÆ","","23","271","2019-03-15","es"
"nbmjgqaiTxOAIJPdSKeCMeaogi9kCBbeDXwCfkjJY=","nbmjgqaiTxOAIJPdSKeCMeaogi9kCBbeDXwCfkjJY=","nbmjgqaiTxOAIJPdSKeCMeaogi9kCBbeDXwCfkjJY=","Madrid, Comunidad de Madrid","Votante de Podemos. Tengo la sangre roja y el coraz√≥n a la izquierda. #VK","","5","42","2019-03-22","es"
"1PgN3dPdqYnJgFcjpjxWEm8rMDs8CueyMY5pqQqpSrM=","1PgN3dPdqYnJgFcjpjxWEm8rMDs8CueyMY5pqQqpSrM=","1PgN3dPdqYnJgFcjpjxWEm8rMDs8CueyMY5pqQqpSrM=","","üá™üá∏ Derecho UCM. Justicia, objetividad y raz√≥n.","","133","293","2019-02-28","en"
"Bif4hHy802X8pWfHWIV1ddMP7aZiUtJxgfTCTPrL+wY=","Bif4hHy802X8pWfHWIV1ddMP7aZiUtJxgfTCTPrL+wY=","Bif4hHy802X8pWfHWIV1ddMP7aZiUtJxgfTCTPrL+wY=","Santander, Spain","Intenso por naturaleza. Una vida sin aventura no merece ser vivida.","","1","40","2019-03-23","es"
"VgcYVzUP9fUbPfJbbuIInC2d+4xZt6yVlztTCjWqITU=","VgcYVzUP9fUbPfJbbuIInC2d+4xZt6yVlztTCjWqITU=","VgcYVzUP9fUbPfJbbuIInC2d+4xZt6yVlztTCjWqITU=","","Chica din√°mica con principios y valores üçâ. Periodismo UCLM","","2","63","2019-03-30","en"
"g25cfnUznzd6qJ2bk77Xt8PIT66Uk65WcjDQE8Z0ac=","g25cfnUznzd6qJ2bk77Xt8PIT66Uk65WcjDQE8Z0ac=","g25cfnUznzd6qJ2bk77Xt8PIT66Uk65WcjDQE8Z0ac=","","Polit√≥logo Liberal.    
Terminando el doctorando y en mis ratos libres runner.","","44","321","2019-03-08","es"
"sfze8AS6DAiCNEyPa4ldLVoTRVWzkJDxkWK6ov1Wvs=","sfze8AS6DAiCNEyPa4ldLVoTRVWzkJDxkWK6ov1Wvs=","sfze8AS6DAiCNEyPa4ldLVoTRVWzkJDxkWK6ov1Wvs=","","","","0","0","2019-03-27","en"
"yQdRZVp8+vso+sZ0sBBpg7ky2omTCOWpGhtmm6v+qk=","yQdRZVp8+vso+sZ0sBBpg7ky2omTCOWpGhtmm6v+qk=","yQdRZVp8+vso+sZ0sBBpg7ky2omTCOWpGhtmm6v+qk=","","","","0","0","2019-03-01","en"
"VvOgUdm3h5U5MB2jhOZaDHXtgglGR158+G771NATXI=","VvOgUdm3h5U5MB2jhOZaDHXtgglGR158+G771NATXI=","VvOgUdm3h5U5MB2jhOZaDHXtgglGR158+G771NATXI=","Cuenca","Amante de la vida. Padre primerizo. Por la igualdad y mejora de la vida. Cine y series.","","49","141","2019-03-15","es"
"JXEd4jcg3nil0bsGQFykHqh7MxQFaHNwP+PLiOvByE=","JXEd4jcg3nil0bsGQFykHqh7MxQFaHNwP+PLiOvByE=","JXEd4jcg3nil0bsGQFykHqh7MxQFaHNwP+PLiOvByE=","","Albacete√±o y del PP, no lo oculto","","17","52","2019-03-30","es"
"irAczpz1I4tJMFL0BKeJ2cMf2zMc99WuC09Fk5ZEOs=","irAczpz1I4tJMFL0BKeJ2cMf2zMc99WuC09Fk5ZEOs=","irAczpz1I4tJMFL0BKeJ2cMf2zMc99WuC09Fk5ZEOs=","","Licenciado en Empresariales. Centro, como actitud de moderaci√≥n. Liberal-progresista. F√∫tbol y lectura como hobbie. Pol√≠tica en mi tiempo libre.","","109","241","2019-02-28","en"
"JblI7oXZIf2M5QLQqGhjBZr5Lqvjrwox3GU7tCEJ+KY=","JblI7oXZIf2M5QLQqGhjBZr5Lqvjrwox3GU7tCEJ+KY=","JblI7oXZIf2M5QLQqGhjBZr5Lqvjrwox3GU7tCEJ+KY=","Getafe, Spain","Viajes, literatura y pol√≠tica.","","121","433","2019-02-28","en"
"yB9noBZ3iI+lo3Pb9tA+91vGist5Kn7d3WONWG94y2c=","yB9noBZ3iI+lo3Pb9tA+91vGist5Kn7d3WONWG94y2c=","yB9noBZ3iI+lo3Pb9tA+91vGist5Kn7d3WONWG94y2c=","Madrid, Comunidad de Madrid","Gitano, de madriZZ con orgullo, pienso lo que digo y hago lo que quiero. Cuidao con las malas amistades","","7","32","2019-03-23","es"
"CM2UOZTZEizSa+edggl08Gmg00kz5Vp5GjoS6pv6CNo=","CM2UOZTZEizSa+edggl08Gmg00kz5Vp5GjoS6pv6CNo=","CM2UOZTZEizSa+edggl08Gmg00kz5Vp5GjoS6pv6CNo=","Madrid, Comunidad de Madrid","Valenciano en Madrid","","6","43","2019-03-23","es"
"8hKvK0PlR6xQUDojJYR1f12z7Lm5XHE3COwUxENVvms=","8hKvK0PlR6xQUDojJYR1f12z7Lm5XHE3COwUxENVvms=","8hKvK0PlR6xQUDojJYR1f12z7Lm5XHE3COwUxENVvms=","Getafe, Espa√±a","Madrid nacido en C√°ceres. 3 hijos. De derechas , Toros , Real Madrid y Espa√±a. Ganadero üá™üá∏üêÇ","","120","269","2019-02-28","es"
"Jyonno5Z8iVS82+pWqEDG7MClq+oEgQVVI8wiyC3k=","Jyonno5Z8iVS82+pWqEDG7MClq+oEgQVVI8wiyC3k=","Jyonno5Z8iVS82+pWqEDG7MClq+oEgQVVI8wiyC3k=","Madrid, Spain","Madrile√±o, padre de un gato y cin√©filo. Madridista.","","206","407","2019-02-28","es"
"RxWs61Dq5Z0SIR5RpNJjErOGroDc9FCekc3jJ0GKAI=","RxWs61Dq5Z0SIR5RpNJjErOGroDc9FCekc3jJ0GKAI=","RxWs61Dq5Z0SIR5RpNJjErOGroDc9FCekc3jJ0GKAI=","","Malague√±a del PP. del M√°laga pero tamb√≠en merengue","","50","85","2019-03-30","es"
"yvuhwyn7Zi7+uzbLNrH80K48ATa7zuJfNF8MzNshGvE=","yvuhwyn7Zi7+uzbLNrH80K48ATa7zuJfNF8MzNshGvE=","yvuhwyn7Zi7+uzbLNrH80K48ATa7zuJfNF8MzNshGvE=","","","","0","0","2019-03-06","en"
"DXot4xa+uXrbg3xBz+y+qjTFhd5wXiGea0PrLh7CSfo=","DXot4xa+uXrbg3xBz+y+qjTFhd5wXiGea0PrLh7CSfo=","DXot4xa+uXrbg3xBz+y+qjTFhd5wXiGea0PrLh7CSfo=","Madrid","Bilbao-Madrid, Espa√±a. Estudiante, liberal. Las decisiones de hoy pueden cambiar el ma√±ana. Feminista. Cansada de la izquierda. #YoestuveenCol√≥n","","42","115","2019-03-04","en"
"aFo6M4MQlL4vjv7s3eOyDxFJ6hZDHOcc6NOMuzks0A=","aFo6M4MQlL4vjv7s3eOyDxFJ6hZDHOcc6NOMuzks0A=","aFo6M4MQlL4vjv7s3eOyDxFJ6hZDHOcc6NOMuzks0A=","Community of Madrid, Spain","Las experinencias llenan la vida de sentido. Una vida sin aventura es como vivir sin agua.","","5","65","2019-03-30","en"
"3kqDxfp1619Fq6svOwizh3Fckna7KadQfXadJeh2vuE=","3kqDxfp1619Fq6svOwizh3Fckna7KadQfXadJeh2vuE=","3kqDxfp1619Fq6svOwizh3Fckna7KadQfXadJeh2vuE=","","Deportista, liberal y defensora de la unidad de Espa√±a.","","104","120","2019-03-20","en"
"FKY5h170T3ZUAXDPB8zwarKUMnLpSJ6VSkzogxzms=","FKY5h170T3ZUAXDPB8zwarKUMnLpSJ6VSkzogxzms=","FKY5h170T3ZUAXDPB8zwarKUMnLpSJ6VSkzogxzms=","","Madre de dos peque√±os Mateo y Mauricio.","","1","5","2019-03-30","es"
"cO7c5RLXvJJ87pXlvHPmYodtqVzdYVKdFzkiDzRpQ=","cO7c5RLXvJJ87pXlvHPmYodtqVzdYVKdFzkiDzRpQ=","cO7c5RLXvJJ87pXlvHPmYodtqVzdYVKdFzkiDzRpQ=","Cantabria, Espa√±a","Los a√±os pesan, la experiencia m√°s. Familiar, sabio y reflexivo. Ante todo Espa√±ol. üá™üá∏","","88","357","2019-03-08","en"
"bT47NokWuBZqVFn9UoVwg7jUYY6b29xppgjZ33EbdgI=","bT47NokWuBZqVFn9UoVwg7jUYY6b29xppgjZ33EbdgI=","bT47NokWuBZqVFn9UoVwg7jUYY6b29xppgjZ33EbdgI=","","","","0","0","2019-03-13","en"
"ayiNycj5XWKcmdFyT+t+KyG7OWFylmw0sY4pKZXBdzY=","ayiNycj5XWKcmdFyT+t+KyG7OWFylmw0sY4pKZXBdzY=","ayiNycj5XWKcmdFyT+t+KyG7OWFylmw0sY4pKZXBdzY=","","Buscando mi lugar en un mundo complicado","","6","87","2019-03-18","es"
"tbcvllobUNJgsdU5h9ZWSdSRjGz+vQ29+sqnukzKRr0=","tbcvllobUNJgsdU5h9ZWSdSRjGz+vQ29+sqnukzKRr0=","tbcvllobUNJgsdU5h9ZWSdSRjGz+vQ29+sqnukzKRr0=","","Jerezano de nacimiento, Anduluz pero ni me gusta la cruzcampo ni el PSOE.","","53","83","2019-03-30","es"
"6ySq8FmJUNkeV4SO+d0BPxfyWxkw3KK+IKkAJmHCHMw=","6ySq8FmJUNkeV4SO+d0BPxfyWxkw3KK+IKkAJmHCHMw=","6ySq8FmJUNkeV4SO+d0BPxfyWxkw3KK+IKkAJmHCHMw=","Granada, Spain","Feminista liberal, libertaria m√°s que liberal. RT no significa respaldo.","","30","138","2019-03-22","en"
"DYq6InDNa3WCzNpnZ4OsdgwtTN+8TAo51kVtVqXN0=","DYq6InDNa3WCzNpnZ4OsdgwtTN+8TAo51kVtVqXN0=","DYq6InDNa3WCzNpnZ4OsdgwtTN+8TAo51kVtVqXN0=","","PotterHead. Always","","18","45","2019-03-30","es"
"eke0UeqAQiv882+0uYf74XHXMNiGecmSv+gdp5Mm3Do=","eke0UeqAQiv882+0uYf74XHXMNiGecmSv+gdp5Mm3Do=","eke0UeqAQiv882+0uYf74XHXMNiGecmSv+gdp5Mm3Do=","","Periodismo por vocaci√≥n, pol√≠tica por afici√≥n. Cuenta para intercambiar opiniones, siempre con argumentos y respeto. üá™üá∏","","21","32","2019-03-09","es"
"jA+RxJyBmc35q1rCY0hTasRK0TPlPnIyJw6l9iwImZM=","jA+RxJyBmc35q1rCY0hTasRK0TPlPnIyJw6l9iwImZM=","jA+RxJyBmc35q1rCY0hTasRK0TPlPnIyJw6l9iwImZM=","","","","23","74","2019-03-20","es"
"3hmDb6P2ZGKh2O3Js6HobMaNIrYcU0fFciRQJWi0Yg=","3hmDb6P2ZGKh2O3Js6HobMaNIrYcU0fFciRQJWi0Yg=","3hmDb6P2ZGKh2O3Js6HobMaNIrYcU0fFciRQJWi0Yg=","Community of Madrid, Spain","Afiliada de Podemos.Libertad y Rep√∫blica.","","6","32","2019-03-22","en"
"Q4pke+T2qQIN2OKRi7Izyczly++vbRymlmxFCD9MY=","Q4pke+T2qQIN2OKRi7Izyczly++vbRymlmxFCD9MY=","Q4pke+T2qQIN2OKRi7Izyczly++vbRymlmxFCD9MY=","Community of Madrid, Spain","Madrile√±a, desde el 1996.  Optimista y realista. Me encanta viajar y el deporte. Feminista. LG(B)TI #realfood #fitness üá™üá∏üè≥Ô∏è‚Äçüåà","","505","828","2019-03-01","es"
"ZFBLYLrEmFzrcjVkaKc1k7FWjk3VJqltv75GARTmlME=","ZFBLYLrEmFzrcjVkaKc1k7FWjk3VJqltv75GARTmlME=","ZFBLYLrEmFzrcjVkaKc1k7FWjk3VJqltv75GARTmlME=","","Si tienes alg√∫n problema conmigo te jodes","","38","67","2019-03-30","es"
"2ej9Ew6ab5qRudC0BrItIrjK5ZxxQqlCSKQcdwB3Q=","2ej9Ew6ab5qRudC0BrItIrjK5ZxxQqlCSKQcdwB3Q=","2ej9Ew6ab5qRudC0BrItIrjK5ZxxQqlCSKQcdwB3Q=","Madrid - Plymouth","üá™üá∏50% madrile√±o 50% ingl√©s üè¥Û†ÅßÛ†Å¢Û†Å•Û†ÅÆÛ†ÅßÛ†Åø Orgulloso enamorado de mis dos almas y mis dos tierras.","","6","5","2019-03-30","en"
"FY0Cx8bJSGKUrL6QbQTFkvF1w9hbDv5+Ulp3vo+Mpc=","FY0Cx8bJSGKUrL6QbQTFkvF1w9hbDv5+Ulp3vo+Mpc=","FY0Cx8bJSGKUrL6QbQTFkvF1w9hbDv5+Ulp3vo+Mpc=","","Viajera de sue√±os ,amante de la naturaleza y de la guitarra . Libertad y Rep√∫blica Unidas Podemosüè≥Ô∏è‚Äçüåà","","21","76","2019-03-20","en"
"DSWQMezxmJOGDWKVFqzYylqlnpBwG8+U7oWjPQPuI=","DSWQMezxmJOGDWKVFqzYylqlnpBwG8+U7oWjPQPuI=","DSWQMezxmJOGDWKVFqzYylqlnpBwG8+U7oWjPQPuI=","","Todo acerca de las noticias pol√≠ticas. Orgulloso de mi pa√≠s. Deporte como forma de vida, calistenia y padel mis grandes hobbies.","","313","298","2019-02-28","en"
"c4EfURNEwY2aRM+2X4Byz6cPfwN6XqBC8bw4rYS0=","c4EfURNEwY2aRM+2X4Byz6cPfwN6XqBC8bw4rYS0=","c4EfURNEwY2aRM+2X4Byz6cPfwN6XqBC8bw4rYS0=","","","","0","0","2019-03-30","en"
"biQYrQU7SJz8tONJBGtTMrhBBpa2WXbBVeayDv17+IA=","biQYrQU7SJz8tONJBGtTMrhBBpa2WXbBVeayDv17+IA=","biQYrQU7SJz8tONJBGtTMrhBBpa2WXbBVeayDv17+IA=","C√≥rdoba, Espa√±a","La vida con una sonrisa es mucho m√°s bonita. Periodismo. Soy Realfooder. Amante de OT. Espa√±ola, mucha Espa√±a.üá™üá∏","","219","528","2019-02-28","es"
"l5s2jMaE2ldr4465mxzpTk3Z2Cyia8nnVy4DRwkODCM=","l5s2jMaE2ldr4465mxzpTk3Z2Cyia8nnVy4DRwkODCM=","l5s2jMaE2ldr4465mxzpTk3Z2Cyia8nnVy4DRwkODCM=","","","","3","12","2019-03-30","es"
"1O2i6Zn9WF+zbRlIKhTitpP9EgcdozJEJmcY4wHw=","1O2i6Zn9WF+zbRlIKhTitpP9EgcdozJEJmcY4wHw=","1O2i6Zn9WF+zbRlIKhTitpP9EgcdozJEJmcY4wHw=","","Madrile√±a desde que nac√≠. Estudiante de Derecho y Ade.","","14","86","2019-03-23","es"
"wMa7kWEE+0Iue2AFJoDvtLY1nwontZ2YJGEdxl2bZI=","wMa7kWEE+0Iue2AFJoDvtLY1nwontZ2YJGEdxl2bZI=","wMa7kWEE+0Iue2AFJoDvtLY1nwontZ2YJGEdxl2bZI=","Spain","Deporte, viajes, coches y a veces pol√≠tica. Espa√±a ante todo","","15","39","2019-03-23","es"
"16Xbs9g7HXQLK7LRz7YkTCrvCZxaDDStR+wZ3LvR+MA=","16Xbs9g7HXQLK7LRz7YkTCrvCZxaDDStR+wZ3LvR+MA=","16Xbs9g7HXQLK7LRz7YkTCrvCZxaDDStR+wZ3LvR+MA=","","","","0","0","2019-03-10","en"
"nrt3MbkYlDTUCSg8OnhyhK3pntdL+tfdtqTzUCequ1Y=","nrt3MbkYlDTUCSg8OnhyhK3pntdL+tfdtqTzUCequ1Y=","nrt3MbkYlDTUCSg8OnhyhK3pntdL+tfdtqTzUCequ1Y=","Cadiz, Spain","Chica fitness. Estudiante de Periodismo en C√°diz.","","2","54","2019-03-08","es"
"lSR2VNsC7QqtndaVjhJdHE8QG1ptujNfPGA2MVWSvPo=","lSR2VNsC7QqtndaVjhJdHE8QG1ptujNfPGA2MVWSvPo=","lSR2VNsC7QqtndaVjhJdHE8QG1ptujNfPGA2MVWSvPo=","Zaragoza, Espa√±a","Del 2000, estudiante de derecho, deportista y espa√±ol üá™üá∏üá™üá∏","","488","744","2019-02-28","es"
"SOUjW++9vSYdpYJVqL84LwBVSfJowRj6A4yodrUj8sw=","SOUjW++9vSYdpYJVqL84LwBVSfJowRj6A4yodrUj8sw=","SOUjW++9vSYdpYJVqL84LwBVSfJowRj6A4yodrUj8sw=","","","","0","0","2019-03-04","en"
"bZ06ykrzPvdg3a0SQFiXbklWcw9zxqxckDauOyQxfo=","bZ06ykrzPvdg3a0SQFiXbklWcw9zxqxckDauOyQxfo=","bZ06ykrzPvdg3a0SQFiXbklWcw9zxqxckDauOyQxfo=","","Con el colesterol Poca Broma.....llegas tarde mat√≠as","","1","53","2019-03-30","es"
"ZWm44lnNZhlaLWVTdoUDl8oPpuXFGJMeNvGS3aPMyc4=","ZWm44lnNZhlaLWVTdoUDl8oPpuXFGJMeNvGS3aPMyc4=","ZWm44lnNZhlaLWVTdoUDl8oPpuXFGJMeNvGS3aPMyc4=","","De Madrid y orgullosa de mi pa√≠s üá™üá∏. Economista y realfooder.","","95","112","2019-03-22","es"
"bwHtyB2Hxzf+mnXTh1+Y1NDFMOZBMjrFdjg8mRgUaL8=","bwHtyB2Hxzf+mnXTh1+Y1NDFMOZBMjrFdjg8mRgUaL8=","bwHtyB2Hxzf+mnXTh1+Y1NDFMOZBMjrFdjg8mRgUaL8=","Lleida, Espa√±a","","","0","0","2019-03-30","es"
"dK3vJXcbeFWhyH3JUNzowkS2hJG7GrCDCZDsvrz2OlM=","dK3vJXcbeFWhyH3JUNzowkS2hJG7GrCDCZDsvrz2OlM=","dK3vJXcbeFWhyH3JUNzowkS2hJG7GrCDCZDsvrz2OlM=","Santa cruz de tenerife, espa√±a","Mujer de ideas claras, arrepientete de lo que NO hayas hecho, erasmus Lisbon","","12","45","2019-03-22","es"
"0+RrnQ3pH0MKyen5QoBJKISTPLgTTktfIAnhezLSGfc=","0+RrnQ3pH0MKyen5QoBJKISTPLgTTktfIAnhezLSGfc=","0+RrnQ3pH0MKyen5QoBJKISTPLgTTktfIAnhezLSGfc=","","","","0","0","2019-03-27","en"
"149fvDcaF4Ab89O1jD9QbSXcZXkT63Kqtt7C0BBEj0=","149fvDcaF4Ab89O1jD9QbSXcZXkT63Kqtt7C0BBEj0=","149fvDcaF4Ab89O1jD9QbSXcZXkT63Kqtt7C0BBEj0=","","","","0","0","2019-03-18","en"
"22MPI+s9E83eCOUiKqbzoseWRU6WtE4owtnlHQfZoV4=","22MPI+s9E83eCOUiKqbzoseWRU6WtE4owtnlHQfZoV4=","22MPI+s9E83eCOUiKqbzoseWRU6WtE4owtnlHQfZoV4=","Spain","El deporte es para el cuerpo lo que la m√∫sica para el coraz√≥n.üé∏üé§","","5","31","2019-03-30","en"
"oMowA9JZxZofI0mHfxbee0AHMFmQiQPwNfYxaAiTdes=","oMowA9JZxZofI0mHfxbee0AHMFmQiQPwNfYxaAiTdes=","oMowA9JZxZofI0mHfxbee0AHMFmQiQPwNfYxaAiTdes=","Madrid, Spain","Soy una persona enamorada de la fotograf√≠a, una de mis pasiones es viajar y mejor si es con buena compa√±ia!","","110","243","2019-03-04","en"
"ieX7+mUAsyUvgjRWszxtt5Ss8+xD3cetthQDW+soRM=","ieX7+mUAsyUvgjRWszxtt5Ss8+xD3cetthQDW+soRM=","ieX7+mUAsyUvgjRWszxtt5Ss8+xD3cetthQDW+soRM=","Espa√±a","Amante de la naturaleza y los animales. Viajera üåçüåπüå∑‚ù§Ô∏èüß°üíú","","43","184","2019-03-09","es"
"GLrQ1GPM3o93o9WW8SzJxVNlrC+Z0M7bZQKIRlgTt0=","GLrQ1GPM3o93o9WW8SzJxVNlrC+Z0M7bZQKIRlgTt0=","GLrQ1GPM3o93o9WW8SzJxVNlrC+Z0M7bZQKIRlgTt0=","","Amante de la lectura y el deporte.","","12","101","2019-03-23","es"
"ChDG0nM+Zm8UrX5YCQ0dyE3C7D+Y+++9F+6Sr0c7jo=","ChDG0nM+Zm8UrX5YCQ0dyE3C7D+Y+++9F+6Sr0c7jo=","ChDG0nM+Zm8UrX5YCQ0dyE3C7D+Y+++9F+6Sr0c7jo=","Pontevedra, Espa√±a","Lo mejor que tengo son mis nietos. Por ellos y por Espa√±a, TODO üá™üá∏Afiliada de @populares","","21","120","2019-03-30","es"
"SpdQhlnN2EYwb4YIkfFbnsTfLKXljv4wPymuUWKCvs=","SpdQhlnN2EYwb4YIkfFbnsTfLKXljv4wPymuUWKCvs=","SpdQhlnN2EYwb4YIkfFbnsTfLKXljv4wPymuUWKCvs=","","","","55","118","2019-03-30","es"
